iter	AUC	Logloss
0	0.7587249875	0.6834234608
1	0.7736308277	0.6741829335
2	0.7824863195	0.6650836677
3	0.782371819	0.6570292077
4	0.7837639451	0.6497560355
5	0.7846078277	0.6424572395
6	0.7849295735	0.636208308
7	0.7869565785	0.6309717507
8	0.7863795161	0.6256382771
9	0.7868069112	0.6208428548
10	0.7873616815	0.6160490872
11	0.7875026762	0.6119002626
12	0.7872064412	0.6080831756
13	0.7885074914	0.6032793854
14	0.7898785174	0.5988782473
15	0.7901922166	0.5950018286
16	0.7906290293	0.5921330566
17	0.7907741666	0.5894712602
18	0.7912495434	0.5861568619
19	0.7912662625	0.5833416067
20	0.791647017	0.5807436805
21	0.7920245826	0.5780232142
22	0.7924996018	0.5754670329
23	0.7927788496	0.5732948769
24	0.7931783199	0.5711058433
25	0.7933928072	0.5689490521
26	0.7941740751	0.5671465493
27	0.7943809628	0.5652874095
28	0.7946174443	0.5634095011
29	0.7949048281	0.5615444045
30	0.7955758572	0.5597352358
31	0.7960904539	0.5581850938
32	0.7965772152	0.5569691006
33	0.7966453135	0.5556919791
34	0.7968037426	0.5543698034
35	0.7972443104	0.5530850705
36	0.7975080907	0.5517029011
37	0.7976988852	0.5506587572
38	0.7979755998	0.5495345745
39	0.7981124222	0.5484827245
40	0.7984985113	0.5473521122
41	0.7987942994	0.5464245989
42	0.7990210354	0.5455119775
43	0.7992020547	0.5445112805
44	0.7993889749	0.5437316473
45	0.7994898558	0.5429129167
46	0.7996359766	0.5420580197
47	0.7998677492	0.5412906311
48	0.8000968993	0.5405689114
49	0.8002690673	0.5398245464
50	0.800375998	0.5391945427
51	0.8004662991	0.5385562183
52	0.8006766438	0.5379178467
53	0.8007884324	0.537362634
54	0.8009878397	0.5367673784
55	0.8012199998	0.5363339022
56	0.8013972938	0.5357279621
57	0.8015164137	0.5351107229
58	0.8016513884	0.5346578162
59	0.8018199503	0.53401935
60	0.8019824922	0.5336180216
61	0.8021432459	0.5331799123
62	0.8022841513	0.5327804278
63	0.8024891019	0.5322136797
64	0.8026764393	0.5316892439
65	0.8028230369	0.5312702815
66	0.802949667	0.5308678185
67	0.8030260205	0.5303909427
68	0.8031817377	0.5298420178
69	0.8032992184	0.5293923258
70	0.8034255803	0.5290320333
71	0.8035175204	0.5286880983
72	0.8036569655	0.5283568807
73	0.8038144708	0.5280457082
74	0.8039541245	0.5276218764
75	0.8040347397	0.5272146858
76	0.8041414917	0.5268513203
77	0.8042761981	0.5264765139
78	0.8044275641	0.5261462891
79	0.8045883179	0.5259031944
80	0.8046664	0.5255876253
81	0.8047519922	0.5252811331
82	0.8049145341	0.5250681535
83	0.8051274419	0.5248436857
84	0.8053016961	0.5246425251
85	0.8054094017	0.5243231266
86	0.8055620492	0.5240866506
87	0.8057383299	0.5238159466
88	0.8059189916	0.5235537051
89	0.8060530126	0.5233194984
90	0.8061526418	0.5230445868
91	0.8062408566	0.5227461789
92	0.8062972426	0.5225201038
93	0.8063752949	0.5222825405
94	0.8064968884	0.5220231828
95	0.806710422	0.5218191856
96	0.8068477213	0.5216397249
97	0.8069380224	0.5213995614
98	0.8070631921	0.5212173586
99	0.8071401119	0.5210022042
100	0.8072820306	0.5206821911
101	0.8073522449	0.5204415548
102	0.8074305654	0.5202570827
103	0.8075143099	0.5201065078
104	0.8076242507	0.5198907861
105	0.8077882528	0.5197505174
106	0.8079288304	0.5196309084
107	0.8080143631	0.519436792
108	0.8081227243	0.5192405954
109	0.8083258867	0.5190600473
110	0.8083893657	0.518910607
111	0.8085182309	0.5187570536
112	0.8085846603	0.5185363679
113	0.8087080717	0.5182306795
114	0.8088427484	0.5180582156
115	0.8089294732	0.517871427
116	0.8090313971	0.5177294564
117	0.8091624081	0.5175599236
118	0.8093037605	0.5174237207
119	0.8094246686	0.5172462928
120	0.8095254004	0.5171004455
121	0.8096643388	0.5169799855
122	0.8097942173	0.5168737557
123	0.8100273013	0.5167430368
124	0.8101477027	0.5166062665
125	0.8101981282	0.5164318643
126	0.8102312386	0.5162716922
127	0.8102906644	0.5160837218
128	0.8103617132	0.5159613235
129	0.8105162978	0.5158276734
130	0.8106141984	0.5157479656
131	0.8107093275	0.5156261346
132	0.810783267	0.5154428918
133	0.8108479083	0.5152716098
134	0.8108973503	0.5151337994
135	0.8111024201	0.5149929161
136	0.8111993074	0.5149009638
137	0.8112401962	0.5147898645
138	0.8113497496	0.5146771578
139	0.811409682	0.5145551378
140	0.8114870787	0.5143093011
141	0.8115951419	0.5142136139
142	0.8118265867	0.5140465395
143	0.8118903637	0.5138517612
144	0.8119330704	0.5137581542
145	0.8120862246	0.5136178855
146	0.8121718466	0.5135340646
147	0.8123358786	0.5134034876
148	0.812425673	0.5133347951
149	0.8125747144	0.5132228922
150	0.8126527667	0.5130352999
151	0.8126910329	0.5129332777
152	0.812799871	0.5128570683
153	0.8128789961	0.5127239383
154	0.8129233718	0.5125659882
155	0.8130146563	0.5124649115
156	0.8130498827	0.5123401022
157	0.8130918145	0.5122097142
158	0.813156575	0.5121139797
159	0.8132125139	0.5119706853
160	0.8133265674	0.5118585932
161	0.8134638965	0.5117540181
162	0.8136447966	0.5116253793
163	0.8137487173	0.5115242554
164	0.8138203025	0.5114252588
165	0.813966006	0.5113364267
166	0.8140257001	0.5112369101
167	0.8141850531	0.5111238726
168	0.8142860234	0.5110323457
169	0.8144759536	0.5109030923
170	0.8145687282	0.510786509
171	0.8146989048	0.5106622669
172	0.8148444593	0.5105447381
173	0.8148824871	0.5104498546
174	0.8149577379	0.5103831951
175	0.8150485158	0.5103022108
176	0.8151432276	0.5101994322
177	0.8152241409	0.5101281395
178	0.8153130114	0.5100239426
179	0.8154230118	0.5099145453
180	0.8154519498	0.5098229711
181	0.8155122697	0.5097478964
182	0.8155741692	0.5096705524
183	0.8155971467	0.509592972
184	0.8156538904	0.5095084893
185	0.8157586157	0.5094231083
186	0.8158368766	0.5093341344
187	0.8159418106	0.5092500299
188	0.8159694076	0.5091748133
189	0.8160055876	0.5090927417
190	0.8160596192	0.5090063679
191	0.8161580265	0.5089226889
192	0.8162305057	0.5088647755
193	0.8163771629	0.5087615713
194	0.8164961636	0.508670139
195	0.816588074	0.5085946388
196	0.8166677952	0.5084987625
197	0.8167791069	0.5084115378
198	0.8168230355	0.5083234148
199	0.8169229031	0.5082079188
200	0.8169932663	0.5081487762
201	0.8171691895	0.5080101149
202	0.8172114491	0.5079477574
203	0.8173587322	0.5078428041
204	0.8174003661	0.5077515136
205	0.8174336255	0.5076566301
206	0.8175316453	0.5075698308
207	0.8176599443	0.5074709289
208	0.8178120852	0.5073544401
209	0.8179031312	0.5072738341
210	0.8179724216	0.507173892
211	0.818073988	0.507097068
212	0.8181946278	0.506995755
213	0.8182293177	0.5068974203
214	0.8183120489	0.5068387032
215	0.8183843195	0.5067524712
216	0.8184595406	0.5066768292
217	0.8185560703	0.506601849
218	0.8186614811	0.5064953828
219	0.8187339008	0.5064325999
220	0.8187855184	0.5063857018
221	0.8188559115	0.506315922
222	0.8188853562	0.5062552193
223	0.8189657927	0.506167049
224	0.8190443814	0.5061038879
225	0.8191117346	0.5060296169
226	0.8192514181	0.505928682
227	0.8193734586	0.5058464686
228	0.8194438517	0.5057768779
229	0.8195073903	0.5057013304
230	0.8196147084	0.5056226154
231	0.8196698427	0.5055213969
232	0.8197655678	0.5054352122
233	0.8198943138	0.5053341355
234	0.8199625015	0.5052761275
235	0.820021987	0.5052105553
236	0.820112735	0.5051501835
237	0.8201528788	0.5051014889
238	0.8202028871	0.5050428663
239	0.8203019798	0.5049605583
240	0.820394218	0.5048688896
241	0.8204658628	0.5047891818
242	0.8205828667	0.5047089067
243	0.8206471503	0.5046533098
244	0.8207332194	0.5045945454
245	0.8208054006	0.5045053823
246	0.8208741844	0.5044372572
247	0.8209987581	0.5043535309
248	0.8210567832	0.5042807254
249	0.8211699128	0.5041966682
250	0.8211888671	0.5041401258
251	0.82126683	0.5040682658
252	0.8213133812	0.5039722477
253	0.8214375973	0.5038894196
254	0.8215011954	0.5038248875
255	0.821529597	0.5037634756
256	0.821564436	0.5036680248
257	0.8216662705	0.5035755997
258	0.8217735887	0.5034922043
259	0.8218117356	0.5034144348
260	0.8218799829	0.5033374218
261	0.8219626248	0.5032516153
262	0.8220775127	0.503167889
263	0.8221285939	0.5031037351
264	0.8221876323	0.5030405267
265	0.822258383	0.5029796822
266	0.8223104477	0.5029256454
267	0.822406292	0.5028134588
268	0.8224552572	0.5026740883
269	0.8226155341	0.5025373653
270	0.8227269948	0.5024649853
271	0.822793901	0.5023942127
272	0.8229000568	0.5023096827
273	0.8231018186	0.5021874735
274	0.8231416643	0.502124076
275	0.8232254684	0.5020471102
276	0.8232913315	0.5019850365
277	0.8233525157	0.5019167695
278	0.8233963251	0.5018617399
279	0.8234925568	0.5017894072
280	0.8235660195	0.50171698
281	0.8236756623	0.5016224274
282	0.823723495	0.5015778932
283	0.823821038	0.5014931741
284	0.8238335252	0.5014504836
285	0.8238881528	0.5013988106
286	0.8239665031	0.5013383442
287	0.8240220249	0.501289366
288	0.824059546	0.5012124475
289	0.8241236806	0.5011489555
290	0.8241985142	0.5010810194
291	0.8242891431	0.501005141
292	0.824365288	0.5009402307
293	0.8243948817	0.5008987221
294	0.82445243	0.500855417
295	0.8245173693	0.5007950452
296	0.8245475292	0.5007224289
297	0.8246264756	0.500650238
298	0.824739188	0.5005548817
299	0.8248105645	0.5004844401
300	0.8248721957	0.5004317743
301	0.8249023855	0.5003664857
302	0.8249639571	0.5003166565
303	0.8250497878	0.5002256497
304	0.8251731396	0.5001369121
305	0.8252949417	0.5000259547
306	0.825428158	0.4999148554
307	0.8254598677	0.4998580766
308	0.8255731165	0.4997806381
309	0.825681448	0.4996904822
310	0.8257620037	0.4996216479
311	0.8258261085	0.4995522463
312	0.8258527517	0.4995126288
313	0.825933069	0.4994512169
314	0.8260057867	0.4993948636
315	0.826120615	0.4993067406
316	0.8262244463	0.4992220215
317	0.8262605071	0.4991241123
318	0.8263452351	0.4990351857
319	0.8264159858	0.4989789742
320	0.8265138566	0.498894066
321	0.8266513944	0.4987913819
322	0.826782614	0.4987043462
323	0.8268241584	0.4986435017
324	0.8268834651	0.4985742419
325	0.8269509375	0.4985257837
326	0.8270692527	0.4984420574
327	0.8271533847	0.4983675027
328	0.827282995	0.4982826418
329	0.8273302019	0.4982003811
330	0.8273600638	0.49814937
331	0.827460289	0.4980572285
332	0.8275288343	0.4980065483
333	0.8276091814	0.4979352557
334	0.8276747167	0.4978702508
335	0.8277611732	0.4978053405
336	0.8278158605	0.4977518237
337	0.8278565705	0.4976932011
338	0.8278981745	0.4976561365
339	0.8280192912	0.4975539252
340	0.8280887604	0.4974913787
341	0.8281306028	0.4974418332
342	0.8282192051	0.497361558
343	0.8282815516	0.4973003352
344	0.8283800185	0.4972297518
345	0.8284059763	0.4972053099
346	0.8284940124	0.4971338755
347	0.8285599947	0.4970669795
348	0.8286018372	0.4970266056
349	0.8286350071	0.4969816458
350	0.8286949694	0.4969183429
351	0.8287291229	0.4968686555
352	0.8288264871	0.4967897514
353	0.8289428949	0.4967086726
354	0.829044193	0.4966405002
355	0.8291664422	0.4965451439
356	0.8292238414	0.4964814155
357	0.829341352	0.496398162
358	0.8294484317	0.4963166577
359	0.8295065761	0.4962562386
360	0.8295663297	0.496179651
361	0.8296331465	0.4961073183
362	0.8296948671	0.4960403278
363	0.8298202753	0.4959510702
364	0.8298942447	0.4958850252
365	0.8299857378	0.4958205404
366	0.830008328	0.4957895744
367	0.8300281763	0.49575563
368	0.8300551772	0.4957036261
369	0.830155611	0.4956013675
370	0.8302418888	0.4955334315
371	0.8302983344	0.4954727288
372	0.8303457499	0.4954017198
373	0.8304397464	0.4953243758
374	0.8305151761	0.4952551161
375	0.8305424452	0.4952180987
376	0.830611974	0.4951407074
377	0.8306898475	0.4950703131
378	0.8307247758	0.495006301
379	0.8308195174	0.4949320772
380	0.8308799565	0.4948689161
381	0.8309237063	0.4948287313
382	0.8310466707	0.4947165447
383	0.8311339021	0.4946437865
384	0.8312186301	0.4945856839
385	0.8313331902	0.4945029977
386	0.8313880563	0.4944507574
387	0.8314355314	0.4944094852
388	0.8315088749	0.4943260899
389	0.8315527141	0.4942697365
390	0.8316027224	0.494220191
391	0.8316747248	0.4941675252
392	0.8317666054	0.4940885738
393	0.8318662345	0.4940046111
394	0.831921339	0.493951378
395	0.832010448	0.4938866568
396	0.8320735395	0.4938271833
397	0.8321844637	0.4937333398
398	0.8322504163	0.4936635128
399	0.8322893679	0.4936237534
400	0.8324094117	0.4935359614
401	0.8324529827	0.4934997005
402	0.8325431049	0.4934258076
403	0.8326376975	0.4933515366
404	0.8326987326	0.4932916848
405	0.8327435851	0.4932518309
406	0.832829982	0.4931701375
407	0.8328759968	0.4931076383
408	0.8329750597	0.4930237229
409	0.8330194652	0.4929857127
410	0.8331103325	0.4929184859
411	0.8331471086	0.4928212858
412	0.833266139	0.4927429018
413	0.8333224952	0.4926709
414	0.8333825767	0.4925848571
415	0.8334228396	0.4925446723
416	0.8334783614	0.4924854824
417	0.8335473239	0.4924210921
418	0.8335819244	0.4923702701
419	0.8336737454	0.4922945808
420	0.8337455094	0.4922287722
421	0.8338350654	0.4921562504
422	0.8339072466	0.4920943185
423	0.8339783847	0.4920303064
424	0.8340775073	0.4919490857
425	0.8341511488	0.4918796841
426	0.8342203796	0.4918135919
427	0.8342547715	0.4917760072
428	0.834376961	0.4916888771
429	0.8344444931	0.4916129041
430	0.8344992399	0.4915603801
431	0.8345734179	0.4915031758
432	0.8346584141	0.4914321196
433	0.8347326219	0.4913555793
434	0.8348202407	0.4912814501
435	0.8349280059	0.4911894977
436	0.8349948525	0.491122649
437	0.8350589275	0.4910578805
438	0.8351008594	0.4909978397
439	0.8351725936	0.4909380352
440	0.8352562487	0.4908778525
441	0.8353408575	0.4908118075
442	0.8354006708	0.4907451479
443	0.8354595304	0.4906753681
444	0.8354803622	0.4906402891
445	0.8355606198	0.4905689492
446	0.8355925083	0.4905129741
447	0.8356511593	0.4904425797
448	0.8357568383	0.4903604136
449	0.8358128965	0.4903107262
450	0.8358917832	0.490257824
451	0.8359566927	0.4901833639
452	0.8360055387	0.4901334874
453	0.8360409737	0.4900943899
454	0.8361388147	0.4900199298
455	0.83619982	0.4899650893
456	0.836240977	0.4899040556
457	0.8363190591	0.4898360251
458	0.8364228308	0.4897514005
459	0.836519897	0.4896829445
460	0.8365656734	0.4896328316
461	0.8366112709	0.4895856499
462	0.8367028534	0.4895149718
463	0.8367411792	0.4894722813
464	0.8367706239	0.4894441992
465	0.8368695974	0.4893611348
466	0.8369146287	0.4893031741
467	0.836950928	0.4892528721
468	0.8370565176	0.4891595487
469	0.8370999992	0.4891095304
470	0.8371649384	0.4890482131
471	0.8372663558	0.4889654323
472	0.8372919559	0.4889110173
473	0.837339431	0.4888554677
474	0.8374020457	0.4887998708
475	0.8374884725	0.4887238978
476	0.8375654221	0.4886547799
477	0.8377125263	0.4885543651
478	0.8378316164	0.488443975
479	0.8378757238	0.4883888035
480	0.8379418552	0.4883249333
481	0.8380267918	0.4882490549
482	0.838104248	0.488182348
483	0.8381807208	0.4881240091
484	0.8382373452	0.4880745581
485	0.8383356631	0.4879827003
486	0.8384131193	0.4879128732
487	0.8384918869	0.4878390277
488	0.8386229575	0.4877577597
489	0.838663578	0.4877156366
490	0.8387365639	0.4876568249
491	0.838830173	0.4875770698
492	0.8389179111	0.4875019951
493	0.8389737904	0.487449802
494	0.8390472531	0.4873956234
495	0.8391517103	0.4873158211
496	0.8391850591	0.4872780946
497	0.8392117918	0.4872350732
498	0.8392558396	0.4871884588
499	0.839356631	0.4871077109
500	0.8393992484	0.4870535323
501	0.8394589722	0.4869955715
502	0.8395089805	0.4869485316
503	0.8395659328	0.4868811629
504	0.8396168053	0.4868143143
505	0.8396558464	0.4867515786
506	0.8396887481	0.4867129067
507	0.8397530615	0.4866572152
508	0.8398354053	0.4865923521
509	0.839874208	0.486554862
510	0.8399592638	0.4864909918
511	0.8400204778	0.4864420608
512	0.8401131928	0.4863725647
513	0.8401916027	0.4863047232
514	0.8402644992	0.4862434532
515	0.84028247	0.4861948059
516	0.8403610289	0.4861297537
517	0.8404632509	0.4860530243
518	0.8405456841	0.4859656578
519	0.8406397104	0.4858857136
520	0.8407394588	0.4857938557
521	0.8408195078	0.4857107913
522	0.8408597708	0.4856488594
523	0.8409255445	0.4856037105
524	0.8410041928	0.4855277376
525	0.8410341442	0.4854899165
526	0.8411016464	0.4854300175
527	0.8411364257	0.4853948912
528	0.8412007689	0.4853299809
529	0.8412701488	0.4852684272
530	0.8413513899	0.485196189
531	0.841391772	0.4851612046
532	0.8414308727	0.4851236672
533	0.8414735794	0.4850713323
534	0.8415496647	0.4850057129
535	0.841630578	0.4849333802
536	0.8417153358	0.4848613784
537	0.8417872488	0.4847994937
538	0.8418537676	0.4847195968
539	0.841884315	0.4846859834
540	0.8419123292	0.4846568612
541	0.8419751227	0.4846054246
542	0.8420409262	0.4845464238
543	0.8420948386	0.4844853901
544	0.8421196043	0.4844602391
545	0.8421931863	0.4844020893
546	0.8422748148	0.4843365171
547	0.8423600197	0.4842659336
548	0.8424197733	0.4842127478
549	0.8424334228	0.4841713811
550	0.8424837589	0.4841398005
551	0.8425461054	0.4840920987
552	0.8425571322	0.4840625038
553	0.8426496387	0.4840012337
554	0.8427019715	0.483943273
555	0.8427744806	0.4838943421
556	0.8428925872	0.4838046589
557	0.8429408073	0.4837548297
558	0.8430027068	0.4837006039
559	0.8430523872	0.4836604663
560	0.8431257308	0.4835843042
561	0.8431906998	0.4835330567
562	0.8432125449	0.4834941483
563	0.8432807624	0.4834385987
564	0.843388617	0.4833418714
565	0.8434507251	0.4832928932
566	0.8435371816	0.483225099
567	0.8435995281	0.4831773972
568	0.8436626792	0.4831168363
569	0.8437711596	0.4830396342
570	0.8438472152	0.4829632357
571	0.8439497352	0.4828818732
572	0.8440209627	0.4828201777
573	0.8440331519	0.4827776763
574	0.8441129029	0.4827140897
575	0.8442024291	0.4826377858
576	0.8442513049	0.4825697552
577	0.8442849815	0.4825285776
578	0.8443505168	0.4824737844
579	0.8444233239	0.4824206931
580	0.8444885612	0.4823645289
581	0.8445631862	0.4822809444
582	0.8446249068	0.4822123938
583	0.8446734548	0.482146727
584	0.8446950912	0.4821259728
585	0.8447588086	0.4820614879
586	0.8448148668	0.4820057965
587	0.8448848426	0.4819552108
588	0.8449372053	0.4819070363
589	0.8449918926	0.4818655277
590	0.8450747132	0.4818000974
591	0.8450870216	0.4817531047
592	0.8451548517	0.481684365
593	0.8451811373	0.4816482459
594	0.8452301621	0.4816039481
595	0.8453027606	0.4815361066
596	0.8453554511	0.4814884994
597	0.8454197943	0.4814253383
598	0.845464766	0.4813677085
599	0.8455009758	0.4813252544
600	0.8455686867	0.4812624715
601	0.8456220031	0.4812116968
602	0.8456993401	0.4811401205
603	0.8457853198	0.4810680714
604	0.8458476663	0.4810136091
605	0.8458888531	0.4809592887
606	0.8459417522	0.4809214204
607	0.8460110426	0.480861805
608	0.8460916579	0.4807949563
609	0.8461436927	0.4807533059
610	0.8461773098	0.4807196925
611	0.846211642	0.4806782785
612	0.8462742269	0.4806197032
613	0.8463632166	0.4805410354
614	0.8464247584	0.4804847767
615	0.846465975	0.480445301
616	0.8465217352	0.4803948572
617	0.8465960324	0.4803295214
618	0.846632719	0.4802885801
619	0.8466968536	0.4802392237
620	0.8467463851	0.4801959186
621	0.8468204737	0.4801326629
622	0.8468756974	0.4800721966
623	0.8469144702	0.480030688
624	0.8469708264	0.4799716872
625	0.8469870687	0.4799483327
626	0.8470585346	0.4798836587
627	0.8471177518	0.4798344441
628	0.8471581042	0.4797856077
629	0.8472102284	0.4797251414
630	0.8472802639	0.4796574417
631	0.8473448753	0.4795958407
632	0.8474241197	0.4795183076
633	0.8474906981	0.4794580304
634	0.8475531638	0.4794183183
635	0.8476269841	0.4793625323
636	0.8476994336	0.479292327
637	0.847738266	0.479256728
638	0.8477922678	0.4791998546
639	0.847928673	0.4790960359
640	0.8479457796	0.4790525417
641	0.848031193	0.4789794999
642	0.8480917513	0.478922201
643	0.8481410742	0.4788818271
644	0.8482266963	0.4788067523
645	0.8482478559	0.4787434021
646	0.8482919335	0.4787014681
647	0.8483766019	0.4786333429
648	0.8484530747	0.4785728293
649	0.8485634029	0.4784803096
650	0.848621726	0.4784129409
651	0.8486635387	0.478380273
652	0.8486809433	0.478343303
653	0.8487475514	0.4782830257
654	0.8487976789	0.4782336693
655	0.8488798141	0.4781390221
656	0.8489711285	0.4780471643
657	0.8490224779	0.4779965787
658	0.8491367698	0.4779141762
659	0.8491735756	0.4778694528
660	0.8492147028	0.4778304971
661	0.8492910564	0.4777735292
662	0.849353224	0.4777237946
663	0.8493852317	0.4776917412
664	0.8494061232	0.4776431885
665	0.8494698107	0.477584235
666	0.8495259285	0.4775247141
667	0.8495697379	0.4774762087
668	0.8496140242	0.4774324781
669	0.8496812284	0.4773702625
670	0.8497495055	0.4773092761
671	0.8498157561	0.4772492353
672	0.8498786986	0.4771883907
673	0.8499408066	0.4771396016
674	0.8499850631	0.4771010714
675	0.8500417769	0.4770358774
676	0.8501398563	0.4769543731
677	0.8501828909	0.4769217052
678	0.8502492309	0.4768529655
679	0.8502909243	0.4768185483
680	0.8503098786	0.4767981723
681	0.8503470123	0.4767507069
682	0.8504084349	0.4766981829
683	0.8504600525	0.4766419714
684	0.8505023718	0.4766065142
685	0.8505689502	0.4765573942
686	0.8506189585	0.476511158
687	0.8506783545	0.4764548519
688	0.8507260978	0.476402848
689	0.8507461548	0.4763710311
690	0.8508063853	0.4763052698
691	0.8508741558	0.4762568588
692	0.8508969843	0.4762274057
693	0.8509529829	0.4761658047
694	0.8510057032	0.4761177247
695	0.8510196805	0.4760873734
696	0.8510608375	0.4760460539
697	0.8511186242	0.4759879041
698	0.8511542678	0.4759567963
699	0.8511880338	0.4759165642
700	0.8512440026	0.4758560505
701	0.8512921631	0.4758089634
702	0.8513413072	0.4757485443
703	0.8514283597	0.4756659526
704	0.851449579	0.475637965
705	0.8515329957	0.4755683744
706	0.8515922725	0.4755081917
707	0.8516505659	0.4754628537
708	0.8516961932	0.4754196432
709	0.8517402112	0.4753890082
710	0.851772666	0.4753611151
711	0.8518067896	0.4753079766
712	0.8518306017	0.4752843857
713	0.8518620729	0.4752477466
714	0.8518979251	0.4752103038
715	0.8519558012	0.4751600018
716	0.8520572484	0.475085258
717	0.8520828485	0.4750506518
718	0.852145493	0.4749961895
719	0.8521744311	0.4749568557
720	0.8522271216	0.4749072156
721	0.8522695303	0.4748501531
722	0.8522901237	0.4748108192
723	0.8523155749	0.4747788132
724	0.8523500264	0.474730875
725	0.8524050713	0.47468757
726	0.8524433374	0.4746536256
727	0.8525060713	0.474596374
728	0.852570951	0.4745180845
729	0.8526034951	0.4744790816
730	0.8527056277	0.4743972936
731	0.8527211249	0.4743835362
732	0.8527724147	0.474328743
733	0.8528245389	0.4742788665
734	0.8528538048	0.4742453949
735	0.8529033959	0.4742011443
736	0.8529584706	0.4741501332
737	0.8530036211	0.4740957655
738	0.853053242	0.4740500493
739	0.8530791104	0.4740137884
740	0.8531883061	0.4739044384
741	0.8532683551	0.4738444448
742	0.8533228934	0.4737818983
743	0.8533776999	0.4737294216
744	0.8534515798	0.4736718863
745	0.8535057306	0.4736079688
746	0.8535641432	0.4735631982
747	0.8536317348	0.4735020227
748	0.8536730707	0.4734518625
749	0.8537431657	0.4733765987
750	0.8537880778	0.4733248784
751	0.853861928	0.4732633247
752	0.8539098203	0.4732250309
753	0.853954941	0.4731887228
754	0.8540439606	0.4731102441
755	0.8541497886	0.4730134223
756	0.8542265892	0.4729322489
757	0.8542619944	0.4728874783
758	0.8543208539	0.4728402493
759	0.8543505073	0.4727869216
760	0.8543840051	0.472738038
761	0.8544332981	0.472694402
762	0.8544730842	0.4726553518
763	0.8544918001	0.4726372922
764	0.8545891941	0.4725577262
765	0.854644835	0.472506857
766	0.854665786	0.4724655375
767	0.8547441363	0.4723983106
768	0.8548072577	0.4723461649
769	0.8548523486	0.4722938773
770	0.8549037278	0.4722484921
771	0.8549595177	0.4721770576
772	0.8550385833	0.4721136128
773	0.8550810516	0.472068984
774	0.8551419973	0.4720080449
775	0.8552023172	0.4719500842
776	0.8552391231	0.4719111285
777	0.8552998006	0.4718510404
778	0.855353415	0.4718125575
779	0.8553847671	0.4717747837
780	0.8554207385	0.4717372464
781	0.8554796278	0.4716806094
782	0.8555366397	0.4716218922
783	0.8555923402	0.4715653971
784	0.8556219935	0.4715376459
785	0.8556571603	0.4714859729
786	0.8557023704	0.4714473955
787	0.8557518423	0.4714112291
788	0.8558060527	0.471354734
789	0.855843395	0.4713208842
790	0.8558959067	0.4712773427
791	0.8559778333	0.4711866668
792	0.8560285866	0.4711317318
793	0.856108278	0.4710599191
794	0.8561487198	0.4710117446
795	0.8562400341	0.4709372844
796	0.8563220799	0.4708741233
797	0.8563498855	0.4708387134
798	0.856405586	0.4707821709
799	0.8564269543	0.4707456737
800	0.8564698994	0.4706949462
801	0.8565101027	0.4706525394
802	0.8565366566	0.4706237481
803	0.8565634787	0.4705904656
804	0.8566243052	0.4705509427
805	0.8566308916	0.4705207331
806	0.8566741347	0.4704705257
807	0.856716156	0.4704238167
808	0.8567271531	0.4704082156
809	0.8567698598	0.4703595683
810	0.8568074107	0.470314183
811	0.8568644822	0.4702641647
812	0.8569152951	0.4702223252
813	0.8569554389	0.4701850715
814	0.8570199311	0.4701309874
815	0.8570584059	0.4700862168
816	0.8571026027	0.4700400752
817	0.8571510315	0.4699949736
818	0.857198298	0.4699393767
819	0.8572509885	0.4698807541
820	0.8572839797	0.4698426021
821	0.8573070467	0.4698102179
822	0.8573538959	0.4697702221
823	0.8574053645	0.4697357577
824	0.8574575484	0.4696781752
825	0.8575253189	0.4696056061
826	0.8575787544	0.4695518057
827	0.8576484025	0.4694876518
828	0.8576870561	0.4694313458
829	0.8577433825	0.4693767889
830	0.8578117788	0.4693223267
831	0.8579001129	0.469239735
832	0.857971251	0.4691695297
833	0.8580177426	0.4691214025
834	0.8580703437	0.4690695877
835	0.8581135273	0.4690259044
836	0.8581569195	0.4689838758
837	0.8582048416	0.4689313991
838	0.8582519293	0.4688932944
839	0.8582789302	0.4688592082
840	0.8583399057	0.4687923123
841	0.8583822548	0.4687473053
842	0.8584559262	0.4686863188
843	0.8584718108	0.468646654
844	0.8585045934	0.4686012688
845	0.8585598767	0.4685513923
846	0.8586260676	0.4684814707
847	0.8586612046	0.4684386384
848	0.8587405682	0.4683692841
849	0.8587958217	0.4683123162
850	0.8588394225	0.4682708549
851	0.8588996828	0.468221593
852	0.8589400649	0.4681903434
853	0.8589900136	0.4681511041
854	0.8590569198	0.4681000457
855	0.8591068983	0.4680516348
856	0.8591599166	0.4680040748
857	0.8592169583	0.4679387863
858	0.8592438698	0.4679101369
859	0.8592980802	0.4678501433
860	0.8593134284	0.4678187991
861	0.8593395054	0.4677911425
862	0.8594035804	0.4677281232
863	0.8594555259	0.4676767811
864	0.8595084846	0.4676112089
865	0.8595683575	0.4675497498
866	0.8596277833	0.4675064447
867	0.8596860766	0.467439076
868	0.8597403765	0.4673881122
869	0.8597754538	0.4673538369
870	0.8598068058	0.4673111464
871	0.8598475754	0.4672608917
872	0.8598944247	0.4672163102
873	0.8599338531	0.4671645899
874	0.8599646389	0.4671379261
875	0.8600338399	0.4670729212
876	0.8600765765	0.4670313654
877	0.860096693	0.4670026687
878	0.8601390719	0.4669523194
879	0.860211432	0.4668874091
880	0.8602739573	0.4668340814
881	0.8603283465	0.4667863797
882	0.8603807688	0.4667470458
883	0.860442698	0.4666953728
884	0.8604792058	0.4666463946
885	0.860516727	0.4666023331
886	0.8605565131	0.4665547732
887	0.8606232405	0.4664962924
888	0.8606810272	0.4664432484
889	0.8607403338	0.4663751706
890	0.8608073294	0.4663045871
891	0.8608559966	0.4662480919
892	0.8609072566	0.4662106491
893	0.8609615266	0.4661457388
894	0.861020118	0.4660882035
895	0.8610549569	0.4660363887
896	0.8611504436	0.4659642451
897	0.8612105846	0.4659008004
898	0.8612578511	0.4658616556
899	0.8613163233	0.4658071933
900	0.8613778651	0.4657484762
901	0.8614230454	0.4657020982
902	0.8614569306	0.4656628588
903	0.8614938259	0.4656289145
904	0.8615370393	0.4655754923
905	0.8615942299	0.4655183353
906	0.8616014719	0.4654862819
907	0.8616212904	0.4654602327
908	0.8616830111	0.4654044467
909	0.861726284	0.4653620871
910	0.8617444634	0.4653296556
911	0.8617875874	0.4652781717
912	0.8618552983	0.4652079665
913	0.8618739843	0.4651803098
914	0.8619260192	0.4651245711
915	0.8619686961	0.4650820697
916	0.8620179594	0.4650302549
917	0.8620376587	0.4650054822
918	0.8620786369	0.4649471905
919	0.8621133864	0.4649071475
920	0.8621646166	0.4648522597
921	0.8621922433	0.4648232321
922	0.8622270226	0.4647941572
923	0.8622633517	0.4647608747
924	0.8623285592	0.464701212
925	0.8623767197	0.4646605071
926	0.862426579	0.4646059976
927	0.8624703288	0.4645658127
928	0.8624854088	0.4645357923
929	0.8625205457	0.4644927236
930	0.8625598848	0.4644584483
931	0.8625809252	0.4644384977
932	0.8626383245	0.4643703253
933	0.8626646101	0.4643369955
934	0.8626910448	0.4643031457
935	0.8627185524	0.4642701469
936	0.8627548814	0.4642293475
937	0.8628570735	0.4641399953
938	0.8629021347	0.4640917262
939	0.8629591763	0.4640360347
940	0.8629739583	0.4640061561
941	0.8630171716	0.4639585016
942	0.863050431	0.4639285758
943	0.8630859256	0.4638856016
944	0.8631165028	0.4638622471
945	0.8631581962	0.4638215895
946	0.8632137477	0.4637692547
947	0.8632375896	0.4637334665
948	0.8633009791	0.463671771
949	0.8633600771	0.463614614
950	0.8634247482	0.4635548567
951	0.863494724	0.4634966124
952	0.8635388315	0.4634464995
953	0.8635873497	0.4633983723
954	0.863620162	0.463365468
955	0.8636597991	0.4633103911
956	0.8636956513	0.4632691189
957	0.8637503088	0.4632121983
958	0.8638170958	0.4631434586
959	0.8638502657	0.4631053066
960	0.8639108837	0.4630452657
961	0.8639348745	0.4629939237
962	0.8639857471	0.4629403124
963	0.8640574217	0.4628827299
964	0.8641000092	0.4628368246
965	0.864179045	0.4627699759
966	0.8642339706	0.462704451
967	0.8642883897	0.4626493269
968	0.8643197119	0.4626143424
969	0.864356041	0.4625739685
970	0.8644062281	0.4625264085
971	0.8644428551	0.4624924642
972	0.8644824028	0.4624637675
973	0.8644987345	0.4624420204
974	0.8645735383	0.4623735643
975	0.8645954132	0.4623423147
976	0.8646650314	0.4622728186
977	0.8647291064	0.4622150469
978	0.8648270071	0.4621344409
979	0.8648582101	0.462095438
980	0.8649174869	0.4620479253
981	0.864967823	0.4619921393
982	0.8650191426	0.4619418846
983	0.865069896	0.4618900225
984	0.8651041985	0.4618518706
985	0.8651526272	0.46178436
986	0.8651949763	0.4617392585
987	0.8652284443	0.4616952442
988	0.8652550578	0.4616451787
989	0.8653105199	0.4615992261
990	0.8653548062	0.4615458985
991	0.8653962016	0.4615071792
992	0.8654234111	0.4614774424
993	0.8654812872	0.4614207109
994	0.8655295372	0.4613781622
995	0.8655969501	0.4613130628
996	0.8656529188	0.4612621462
997	0.8656809628	0.4612272091
998	0.8657325506	0.4611792709
999	0.8657722473	0.4611350203
1000	0.8658232987	0.4610909115
1001	0.8658780456	0.461037253
1002	0.8659628034	0.4609723426
1003	0.8660520613	0.4609047375
1004	0.8660922348	0.4608628035
1005	0.8661593795	0.4608028099
1006	0.8662108481	0.4607479221
1007	0.8662571013	0.4606903396
1008	0.8663188219	0.4606244365
1009	0.8663526177	0.460588932
1010	0.8663899004	0.4605498818
1011	0.8664398789	0.4605118244
1012	0.8664966524	0.4604531545
1013	0.8665502369	0.4604044599
1014	0.8665849268	0.4603671117
1015	0.8666059971	0.4603538743
1016	0.8666628599	0.4603056052
1017	0.8667127788	0.4602524194
1018	0.8667441308	0.4602224462
1019	0.8668234646	0.4601565904
1020	0.8668465018	0.4601141836
1021	0.8668831587	0.4600809011
1022	0.8668969572	0.4600319701
1023	0.8669708669	0.4599707473
1024	0.8669925332	0.4599468255
1025	0.8670522571	0.4598861701
1026	0.8670795858	0.4598605463
1027	0.8671372533	0.4598130337
1028	0.8671817482	0.4597570113
1029	0.8672551215	0.4596836857
1030	0.8672745526	0.4596590548
1031	0.8672967255	0.459638206
1032	0.8673392236	0.4596011886
1033	0.86737746	0.4595560398
1034	0.8674310148	0.4595104182
1035	0.8674864173	0.4594620545
1036	0.8675470054	0.4593943076
1037	0.8676008284	0.4593458022
1038	0.8676230311	0.4593109595
1039	0.8676583469	0.4592784335
1040	0.8676915169	0.4592346556
1041	0.8677260876	0.4592017041
1042	0.8677839637	0.4591502675
1043	0.8678180873	0.4591065369
1044	0.8678560555	0.4590740581
1045	0.8678896129	0.4590217233
1046	0.867947489	0.4589616351
1047	0.8680195212	0.4588960156
1048	0.8680485785	0.4588696827
1049	0.8680604398	0.4588529469
1050	0.8681181073	0.4587965463
1051	0.8681660593	0.4587524848
1052	0.8682409525	0.4586813813
1053	0.8682978749	0.4586136817
1054	0.8683412075	0.458564798
1055	0.8683709502	0.4585347303
1056	0.8684054017	0.4584943091
1057	0.8684618473	0.458441927
1058	0.8684794307	0.4584211254
1059	0.8685449958	0.4583536149
1060	0.8685518205	0.4583357444
1061	0.8685904145	0.4582950395
1062	0.8686331809	0.4582442648
1063	0.8686866164	0.4581911263
1064	0.8686955571	0.4581589311
1065	0.8687440753	0.4581208264
1066	0.8687652946	0.4580910897
1067	0.8688077629	0.4580509048
1068	0.8688437045	0.458012942
1069	0.8688648939	0.4579869873
1070	0.8688786924	0.4579624036
1071	0.8689272702	0.4579112034
1072	0.868953079	0.4578825067
1073	0.8690006137	0.4578297464
1074	0.8690481484	0.4577857322
1075	0.8690867126	0.4577487148
1076	0.869115293	0.4577177016
1077	0.8691585362	0.4576706617
1078	0.8692088425	0.457622109
1079	0.8692218959	0.4575851389
1080	0.869274199	0.4575296366
1081	0.8693469167	0.4574626933
1082	0.8694075644	0.4574023215
1083	0.8694703877	0.4573413824
1084	0.869503051	0.4573141985
1085	0.8695776761	0.4572327888
1086	0.8696161807	0.4571839051
1087	0.8696642518	0.4571363924
1088	0.8697059155	0.4570918582
1089	0.8697666824	0.4570389088
1090	0.8698303998	0.4569779696
1091	0.8698705733	0.4569315443
1092	0.8698970973	0.456871598
1093	0.8699553907	0.4568134482
1094	0.8700012863	0.4567749653
1095	0.8700532317	0.456721354
1096	0.8700858653	0.4566795145
1097	0.8701286018	0.4566187172
1098	0.8701756299	0.4565808961
1099	0.8702200353	0.4565282776
1100	0.8702687323	0.4564801504
1101	0.8703083694	0.4564380745
1102	0.870346874	0.4563959513
1103	0.8703951836	0.456345933
1104	0.8704259992	0.4563047554
1105	0.8704731166	0.4562568645
1106	0.8705155253	0.4562113375
1107	0.8705296516	0.4561874629
1108	0.8705745637	0.456150682
1109	0.8705916405	0.4561329534
1110	0.8706271648	0.4561024602
1111	0.8706871569	0.4560562713
1112	0.8707366884	0.456004551
1113	0.8707969487	0.4559352913
1114	0.8708306253	0.455893499
1115	0.8708896339	0.4558463646
1116	0.8709188402	0.4558130348
1117	0.8709498644	0.4557753556
1118	0.8709787428	0.4557370145
1119	0.8710246384	0.455681654
1120	0.8710879385	0.4556094158
1121	0.8711587489	0.4555402979
1122	0.8711996675	0.4554994512
1123	0.8712662756	0.4554464545
1124	0.8713096678	0.4554047568
1125	0.8713633418	0.4553481198
1126	0.8713895679	0.4553035383
1127	0.8714321554	0.4552553638
1128	0.871465832	0.4552302601
1129	0.871486634	0.4551966939
1130	0.8715093434	0.4551578801
1131	0.8715208173	0.4551423262
1132	0.871557653	0.4550998721
1133	0.8716146648	0.4550400676
1134	0.8716472089	0.455004374
1135	0.871694833	0.45493866
1136	0.8717265427	0.4548988533
1137	0.8717708588	0.4548542245
1138	0.8718012869	0.4548139451
1139	0.871861726	0.4547534788
1140	0.8718906343	0.4547199599
1141	0.8719188571	0.4546883793
1142	0.8719713986	0.4546298986
1143	0.8720081151	0.4545769019
1144	0.8720728457	0.4545186575
1145	0.8721021712	0.4544805528
1146	0.872135669	0.4544414553
1147	0.8721452653	0.4544234431
1148	0.8721655905	0.4543961174
1149	0.8721950948	0.4543597619
1150	0.8722405136	0.4543114928
1151	0.8722771704	0.4542672422
1152	0.8723227084	0.4542147183
1153	0.872350812	0.4541785046
1154	0.8724069297	0.4541235223
1155	0.8724458516	0.4540826756
1156	0.8724629283	0.4540614486
1157	0.8724900186	0.4540388032
1158	0.8725454807	0.4539747912
1159	0.872587502	0.4539163577
1160	0.872618109	0.4538763147
1161	0.8726326227	0.4538477598
1162	0.8726592362	0.4538088514
1163	0.872690171	0.4537686193
1164	0.8727452457	0.4537102331
1165	0.8727751076	0.4536695282
1166	0.87281093	0.4536331727
1167	0.8728582263	0.4535909077
1168	0.8729110956	0.4535416931
1169	0.8729303181	0.4535242482
1170	0.872982651	0.4534723388
1171	0.8730309606	0.4534256299
1172	0.8730733097	0.4533897472
1173	0.8731301725	0.4533329211
1174	0.8731980622	0.453261203
1175	0.8732250929	0.453226644
1176	0.8732670844	0.4531845681
1177	0.8733095825	0.4531422086
1178	0.8733563125	0.4530975798
1179	0.8733771741	0.4530703013
1180	0.8734128177	0.4530279891
1181	0.87347579	0.4529645443
1182	0.8735043108	0.452933011
1183	0.8735336959	0.4529080019
1184	0.8735564053	0.4528776505
1185	0.8735770285	0.4528506557
1186	0.8736056983	0.4528108964
1187	0.8736380339	0.452776101
1188	0.8736831248	0.4527365308
1189	0.8737208545	0.4526923275
1190	0.873757869	0.4526510553
1191	0.873800844	0.4526041099
1192	0.8738672435	0.4525460547
1193	0.8739075363	0.4525002912
1194	0.8739315271	0.452464834
1195	0.8739614785	0.4524253583
1196	0.8740038574	0.4523935414
1197	0.8740736246	0.4523374717
1198	0.8741077483	0.4522891554
1199	0.8741361797	0.4522541236
1200	0.8741850555	0.4522053345
1201	0.8742082417	0.4521762596
1202	0.8742569983	0.4521246812
1203	0.8743079007	0.4520631747
1204	0.8743214607	0.4520318778
1205	0.8743555248	0.4519925912
1206	0.8744026721	0.4519529737
1207	0.8744464815	0.4519083449
1208	0.8744990528	0.4518556319
1209	0.8745405376	0.4518030606
1210	0.8745716512	0.4517630649
1211	0.8746137917	0.4517260948
1212	0.8746427894	0.4516930014
1213	0.8746954501	0.4516293203
1214	0.8747344017	0.4515875281
1215	0.8747877777	0.4515301347
1216	0.8748292029	0.4514759088
1217	0.8748591244	0.4514441864
1218	0.8749079704	0.4513985175
1219	0.8749305308	0.4513710027
1220	0.8749550581	0.4513481683
1221	0.8749901652	0.4513040595
1222	0.8750232756	0.4512665221
1223	0.8750606179	0.4512232643
1224	0.8751209378	0.4511644053
1225	0.8751592338	0.451116609
1226	0.8751927316	0.4510744386
1227	0.8752426803	0.4510317954
1228	0.8752844632	0.4509857956
1229	0.8753303289	0.450939323
1230	0.8753713667	0.4508916685
1231	0.8754046857	0.4508596624
1232	0.8754658401	0.450800378
1233	0.8754918277	0.4507729105
1234	0.8755461872	0.4507097966
1235	0.8756010532	0.4506493775
1236	0.8756199777	0.4506322635
1237	0.8756615222	0.450588202
1238	0.8756872714	0.4505547304
1239	0.8756952286	0.4505259864
1240	0.8757432401	0.4504741244
1241	0.8757734299	0.4504309611
1242	0.8758320212	0.4503804701
1243	0.8758671582	0.4503302154
1244	0.875903815	0.4502891796
1245	0.8759420514	0.4502547151
1246	0.8759679198	0.4502244111
1247	0.8759978712	0.4501867791
1248	0.8760559261	0.4501337351
1249	0.8760830462	0.450104282
1250	0.8761327863	0.4500483542
1251	0.8761792779	0.4500064674
1252	0.876208514	0.4499726176
1253	0.8762415648	0.4499409897
1254	0.876260221	0.4499218901
1255	0.8762833178	0.4498949426
1256	0.8763102293	0.4498603364
1257	0.8763568103	0.4498182605
1258	0.8763884902	0.449783087
1259	0.8764175177	0.449744935
1260	0.8764468431	0.449716191
1261	0.8764899373	0.4496696239
1262	0.8765245676	0.4496315665
1263	0.8765420318	0.4495930363
1264	0.8765868545	0.4495437272
1265	0.8766289949	0.4494944653
1266	0.8766570091	0.449453524
1267	0.8766823113	0.4494326279
1268	0.8767310977	0.4493848789
1269	0.876763314	0.4493500835
1270	0.8767914176	0.4493155718
1271	0.8768135607	0.4492899954
1272	0.8768517077	0.4492505197
1273	0.8769157827	0.449205229
1274	0.8769598603	0.4491611202
1275	0.876986593	0.4491239611
1276	0.8770243824	0.4490823107
1277	0.8770591915	0.449046097
1278	0.8770849407	0.449017684
1279	0.8770993948	0.4489937622
1280	0.8771232963	0.4489633163
1281	0.8771803975	0.4488955693
1282	0.8772192597	0.448854108
1283	0.8772798777	0.4487959109
1284	0.8773343563	0.4487535041
1285	0.8773588836	0.4487193706
1286	0.8774108589	0.4486640101
1287	0.87744385	0.4486298766
1288	0.8774739504	0.4485996198
1289	0.8774988055	0.4485590568
1290	0.8775477707	0.4485063437
1291	0.8775846958	0.4484675772
1292	0.8776036501	0.4484413861
1293	0.8776164949	0.4484217192
1294	0.8776503801	0.4483783196
1295	0.8776746094	0.4483525067
1296	0.8777215481	0.44831166
1297	0.8777624965	0.4482798431
1298	0.8777941763	0.4482455678
1299	0.8778174222	0.4482145545
1300	0.8778469265	0.4481825485
1301	0.877880007	0.448150637
1302	0.8779044449	0.4481197656
1303	0.8779142797	0.4481049681
1304	0.8779525757	0.4480646414
1305	0.8779737949	0.4480355192
1306	0.8780315816	0.4479859264
1307	0.8780665398	0.4479265001
1308	0.8781094849	0.4478811622
1309	0.8781227469	0.4478592733
1310	0.878131479	0.4478319948
1311	0.8781664073	0.4477960649
1312	0.8781997561	0.4477625933
1313	0.8782422245	0.4477079419
1314	0.8782886267	0.4476488465
1315	0.8783231378	0.4476066288
1316	0.8783497214	0.4475688078
1317	0.8783718348	0.4475467298
1318	0.8784233332	0.4474829068
1319	0.8784666657	0.4474298155
1320	0.8785196245	0.4473798918
1321	0.8785456121	0.4473351684
1322	0.878608495	0.447270589
1323	0.8786304295	0.4472517258
1324	0.8786748946	0.4472059151
1325	0.878734678	0.4471557076
1326	0.8787615299	0.4471314076
1327	0.8788037896	0.4470960923
1328	0.8788211048	0.4470733524
1329	0.8788865209	0.4469881605
1330	0.8789204657	0.4469453755
1331	0.878952086	0.4469050961
1332	0.8789722323	0.4468780068
1333	0.8789838254	0.4468564961
1334	0.8790253401	0.4468063359
1335	0.8790867925	0.4467444986
1336	0.8791082203	0.4467110269
1337	0.8791384399	0.4466770353
1338	0.8791714013	0.4466343448
1339	0.8791948855	0.4466091466
1340	0.8792563677	0.4465596483
1341	0.8793029189	0.4465216854
1342	0.8793307841	0.4464918541
1343	0.8793349862	0.4464810278
1344	0.8793635666	0.4464585716
1345	0.8794034421	0.4464177249
1346	0.879427731	0.4463906829
1347	0.8794612586	0.4463565494
1348	0.8795166612	0.4463070038
1349	0.879557997	0.4462547163
1350	0.8795906305	0.446218219
1351	0.8796382844	0.4461647495
1352	0.8796902299	0.4461085853
1353	0.8797090948	0.4460931732
1354	0.879753679	0.446042304
1355	0.8797951341	0.4459981952
1356	0.8798376024	0.4459443475
1357	0.8798931241	0.4458913981
1358	0.8799499869	0.4458252113
1359	0.8800023794	0.4457647449
1360	0.8800411522	0.4457249383
1361	0.8800713122	0.4456774256
1362	0.8801082373	0.4456255635
1363	0.8801525235	0.4455769162
1364	0.8801965117	0.4455311528
1365	0.8802556992	0.4454699773
1366	0.8802878857	0.4454247339
1367	0.8803340793	0.4453804833
1368	0.8803852201	0.4453172276
1369	0.8803957999	0.445292644
1370	0.8804285824	0.4452472587
1371	0.8804524541	0.445216671
1372	0.8804915249	0.4451746896
1373	0.880533129	0.4451294935
1374	0.8805651963	0.4450984803
1375	0.8805885017	0.4450697836
1376	0.8806301057	0.445039054
1377	0.8806672394	0.4449953707
1378	0.8807072341	0.4449508837
1379	0.8807389736	0.4449194923
1380	0.8808149993	0.4448508471
1381	0.8808610439	0.4448049418
1382	0.8809021413	0.444759273
1383	0.8809272647	0.4447282124
1384	0.8809508681	0.4447003667
1385	0.8809941113	0.4446662332
1386	0.881020993	0.4446346054
1387	0.8810715377	0.4445898348
1388	0.8810996115	0.4445607599
1389	0.8811370134	0.4445124435
1390	0.8811663687	0.444481903
1391	0.8812206984	0.444425266
1392	0.8812359869	0.4444063555
1393	0.881278187	0.4443536425
1394	0.8813200295	0.4443113775
1395	0.881367296	0.4442614537
1396	0.8814073503	0.4442171086
1397	0.8814472854	0.4441817932
1398	0.8814804256	0.4441372117
1399	0.881526798	0.4440867679
1400	0.8815751076	0.4440369859
1401	0.8816431463	0.4439647951
1402	0.8816845715	0.4439194098
1403	0.881706357	0.4438862692
1404	0.8817456067	0.4438283084
1405	0.8817676306	0.4437968697
1406	0.8817777932	0.4437705841
1407	0.8818057477	0.4437414619
1408	0.8818530142	0.4436837376
1409	0.881878376	0.4436566483
1410	0.8819188476	0.443615707
1411	0.8819447458	0.443568998
1412	0.8819854558	0.4435287186
1413	0.8820155263	0.4434803077
1414	0.8820688426	0.4434352534
1415	0.8821125925	0.4433962032
1416	0.8821239769	0.4433687357
1417	0.8821352422	0.4433422137
1418	0.8821962476	0.4432814164
1419	0.8822167814	0.4432530034
1420	0.8822527528	0.4432042142
1421	0.8823173344	0.4431350963
1422	0.8823609948	0.4430938714
1423	0.8824387789	0.4430337833
1424	0.8824712634	0.4429995552
1425	0.8825292885	0.4429248587
1426	0.8825774491	0.4428703491
1427	0.8826074302	0.4428291242
1428	0.8826332986	0.4427922015
1429	0.8826521635	0.4427631738
1430	0.8826902509	0.4427240291
1431	0.882725805	0.4426914557
1432	0.8827646673	0.4426449831
1433	0.8828165829	0.442587637
1434	0.8828369975	0.4425579475
1435	0.8828547001	0.4425293453
1436	0.8828918338	0.4424863239
1437	0.8829107881	0.4424561617
1438	0.8829708397	0.4424086963
1439	0.8829902411	0.4423863819
1440	0.8830255568	0.4423410912
1441	0.8830496371	0.4423157511
1442	0.883079946	0.44227689
1443	0.8831143975	0.4422442694
1444	0.88315171	0.4421970876
1445	0.8831988871	0.442144611
1446	0.883223176	0.4421111394
1447	0.8832631707	0.442074973
1448	0.8833093941	0.4420293514
1449	0.8833437562	0.4419932323
1450	0.8833718002	0.4419573496
1451	0.8834319413	0.4418894136
1452	0.8834654987	0.4418514035
1453	0.8834908009	0.4418250706
1454	0.8835374415	0.4417778416
1455	0.8835682571	0.4417406351
1456	0.8835846782	0.441721961
1457	0.8836251199	0.441666175
1458	0.8836536407	0.4416308123
1459	0.8836820126	0.4415969152
1460	0.8837238252	0.4415434458
1461	0.8837601542	0.4414893144
1462	0.8837888241	0.4414540936
1463	0.8838181198	0.441420102
1464	0.8838775456	0.4413585955
1465	0.8839053512	0.4413274877
1466	0.8839349449	0.4413037077
1467	0.8839624524	0.4412695743
1468	0.8840104043	0.441220927
1469	0.8840546906	0.441170105
1470	0.8841076493	0.4411134207
1471	0.8841732144	0.4410407098
1472	0.8841894269	0.4410155115
1473	0.8842423558	0.4409645004
1474	0.8842592835	0.440938073
1475	0.884280622	0.4409014339
1476	0.8843187094	0.4408614854
1477	0.8843563497	0.440822908
1478	0.8843815923	0.4407861743
1479	0.8844218552	0.4407371961
1480	0.8844548166	0.440693371
1481	0.8844781816	0.4406555499
1482	0.8844994307	0.4406312499
1483	0.8845512271	0.4405774022
1484	0.8846005499	0.440524831
1485	0.8846262097	0.4404935814
1486	0.884670943	0.440438079
1487	0.884729296	0.4403916065
1488	0.8847619295	0.440350287
1489	0.8847966194	0.4403044763
1490	0.8848433197	0.440262684
1491	0.8849083483	0.4401779177
1492	0.8849195242	0.4401652003
1493	0.8849777877	0.4401102653
1494	0.8850059807	0.4400721133
1495	0.8850373328	0.4400354742
1496	0.8850754797	0.4399912709
1497	0.8850995302	0.4399564756
1498	0.8851168752	0.4399287717
1499	0.8851566613	0.4398633413
1500	0.885179311	0.4398323281
1501	0.8851971626	0.4398103919
1502	0.8852330744	0.4397655267
1503	0.8852511942	0.4397360735
1504	0.8852901161	0.4396933831
1505	0.885310322	0.439663079
1506	0.8853591383	0.4396139116
1507	0.8854046166	0.4395622859
1508	0.8854322433	0.4395245595
1509	0.8854595423	0.4394938772
1510	0.8854863346	0.4394547797
1511	0.885520637	0.4394200789
1512	0.8855430484	0.4393856617
1513	0.8855666518	0.4393616454
1514	0.8856024444	0.4393103034
1515	0.8856222332	0.4392860033
1516	0.8856401742	0.4392608996
1517	0.885659337	0.4392368833
1518	0.8856927156	0.4392044045
1519	0.8857291043	0.4391582628
1520	0.8857558966	0.4391242239
1521	0.8857736588	0.4390939198
1522	0.8857983351	0.4390662632
1523	0.8858474791	0.4390144957
1524	0.8858823478	0.4389739326
1525	0.8859369755	0.4389140808
1526	0.8859737515	0.4388669937
1527	0.8860012293	0.4388296927
1528	0.8860194683	0.4387964575
1529	0.8860471547	0.4387624658
1530	0.8860809207	0.4387126839
1531	0.8861316442	0.4386664004
1532	0.886167407	0.4386298086
1533	0.8862027824	0.4385850852
1534	0.8862445652	0.4385377616
1535	0.88628304	0.4385020681
1536	0.8863349557	0.4384558319
1537	0.8863564432	0.4384238258
1538	0.8864265084	0.4383656287
1539	0.8864542544	0.4383371211
1540	0.8864918649	0.4382868191
1541	0.8865092993	0.4382660649
1542	0.886556983	0.4382191195
1543	0.8865885437	0.4381787456
1544	0.886621356	0.4381482524
1545	0.8866625428	0.4380970522
1546	0.8866984546	0.438048263
1547	0.8867565989	0.4379903496
1548	0.8867820501	0.4379665223
1549	0.8868016601	0.4379457681
1550	0.886826098	0.4379213735
1551	0.8868627548	0.4378872873
1552	0.8869001865	0.4378425639
1553	0.886947006	0.4377867306
1554	0.8869784176	0.4377572775
1555	0.8870233893	0.4377065028
1556	0.8870580196	0.4376665543
1557	0.8870834112	0.4376366757
1558	0.8871258497	0.4375830644
1559	0.887183845	0.4375268057
1560	0.8872315288	0.4374809004
1561	0.8872701824	0.4374444031
1562	0.8872846365	0.4374218523
1563	0.8873090148	0.4373948576
1564	0.8873465657	0.4373620478
1565	0.887370646	0.4373321219
1566	0.8873949051	0.437284562
1567	0.8874241114	0.4372506176
1568	0.8874444962	0.4372279723
1569	0.8874716759	0.4371925623
1570	0.8875022829	0.437155876
1571	0.8875406086	0.4371247682
1572	0.8875644803	0.4370959296
1573	0.8875924945	0.4370586286
1574	0.8876214325	0.4370186329
1575	0.8876473308	0.4369831757
1576	0.887673676	0.4369492313
1577	0.8877145946	0.4368971329
1578	0.8877440989	0.4368614865
1579	0.8877500892	0.436846169
1580	0.8877892494	0.436793456
1581	0.8878062665	0.4367693451
1582	0.887840718	0.4367383791
1583	0.8878550529	0.436716632
1584	0.887874037	0.436694554
1585	0.8878764212	0.4366853351
1586	0.8879118562	0.4366439684
1587	0.8879268467	0.4366147044
1588	0.8879891038	0.4365439318
1589	0.8880550563	0.4364812907
1590	0.8880923986	0.4364369455
1591	0.8881207108	0.4363989827
1592	0.888146013	0.4363635728
1593	0.8881640732	0.4363317558
1594	0.888207674	0.4362831558
1595	0.8882255554	0.4362580048
1596	0.8882641196	0.4362151252
1597	0.8882854581	0.4361970184
1598	0.8883138299	0.4361620812
1599	0.888364464	0.4361030804
1600	0.8883905709	0.4360671505
1601	0.8884248734	0.4360315514
1602	0.8884696662	0.4359825732
1603	0.8884913325	0.4359465014
1604	0.8885152936	0.4359172374
1605	0.8885719478	0.4358528471
1606	0.8885845244	0.4358293981
1607	0.8886131048	0.4357959737
1608	0.8886680305	0.4357339
1609	0.8887084126	0.4356955116
1610	0.888761729	0.4356399147
1611	0.8887876868	0.4356076723
1612	0.8888058066	0.4355774155
1613	0.8888728917	0.4355108978
1614	0.8889084458	0.4354790808
1615	0.8889425397	0.4354387069
1616	0.8889943957	0.4353774841
1617	0.8890573084	0.435313472
1618	0.8890906274	0.4352800949
1619	0.8891216815	0.4352447323
1620	0.8891526163	0.4352125844
1621	0.8891638517	0.4351894663
1622	0.8891939521	0.4351519289
1623	0.8892278373	0.4351184101
1624	0.8892681003	0.4350815346
1625	0.8893067241	0.4350337382
1626	0.8893451989	0.4349781413
1627	0.8893947899	0.434926232
1628	0.8894228935	0.4348928077
1629	0.8894575834	0.4348547502
1630	0.8895084858	0.434795324
1631	0.8895284534	0.4347654926
1632	0.8895717263	0.4347280025
1633	0.8895819783	0.4347066337
1634	0.8896020353	0.4346748167
1635	0.8896452188	0.434617707
1636	0.8896892667	0.4345639538
1637	0.8897062838	0.4345442396
1638	0.8897199631	0.4345166776
1639	0.8897721469	0.4344554548
1640	0.8898052275	0.4344238269
1641	0.8898276687	0.434386195
1642	0.8898513019	0.4343583493
1643	0.8899160028	0.4342887586
1644	0.8899387717	0.4342609602
1645	0.8899566233	0.4342386458
1646	0.8899927437	0.4341829543
1647	0.8900122941	0.4341579924
1648	0.8900470138	0.4341195095
1649	0.8900679052	0.4340887799
1650	0.8900897205	0.4340563011
1651	0.8901106715	0.4340250515
1652	0.8901447654	0.4339809427
1653	0.8901838958	0.4339377795
1654	0.8902134895	0.4339112575
1655	0.890252769	0.4338704108
1656	0.8902863562	0.4338255456
1657	0.8903274834	0.4337833752
1658	0.8903565109	0.4337451287
1659	0.8904018402	0.4336990816
1660	0.8904495835	0.4336560601
1661	0.8904726505	0.4336355422
1662	0.8904971778	0.4335863749
1663	0.8905211687	0.4335478447
1664	0.8905476034	0.4335182025
1665	0.8905647993	0.4334933352
1666	0.8905914724	0.4334525357
1667	0.8906111419	0.4334234136
1668	0.8906523287	0.4333663038
1669	0.8906906247	0.4333169947
1670	0.8907008171	0.4332974223
1671	0.8907569051	0.4332530771
1672	0.8907831907	0.4332123722
1673	0.8908200264	0.4331703436
1674	0.8908499479	0.4331397559
1675	0.8908849359	0.4330994292
1676	0.890912056	0.4330624119
1677	0.8909324408	0.4330408539
1678	0.8909582496	0.4330029856
1679	0.8909974396	0.4329524945
1680	0.8910379112	0.4329179828
1681	0.8910636306	0.4328838021
1682	0.8911075294	0.432828867
1683	0.8911573589	0.4327830091
1684	0.891202569	0.4327329908
1685	0.891227901	0.4326989046
1686	0.8912596703	0.4326638256
1687	0.8912955225	0.4326227425
1688	0.8913250268	0.4325977333
1689	0.8913458884	0.4325664364
1690	0.8913791478	0.4325260625
1691	0.8914059699	0.4324907471
1692	0.89144364	0.4324496167
1693	0.8914735913	0.4324148687
1694	0.8915294707	0.4323675451
1695	0.8915646374	0.4323288258
1696	0.8915851116	0.4322991363
1697	0.8916391432	0.4322346042
1698	0.8916707933	0.4321946557
1699	0.8917116225	0.432148845
1700	0.891728282	0.4321326765
1701	0.8917513192	0.4321057291
1702	0.8917803466	0.4320748576
1703	0.8918023705	0.432036422
1704	0.8918315768	0.4319969463
1705	0.8918565512	0.4319637111
1706	0.8918840885	0.4319315632
1707	0.8919352591	0.4318697259
1708	0.8919534087	0.4318426838
1709	0.8919838965	0.4318007025
1710	0.892026633	0.4317547972
1711	0.8920423985	0.4317350357
1712	0.8920781016	0.431690076
1713	0.8921085298	0.4316567462
1714	0.8921382725	0.4316214308
1715	0.8921763897	0.4315739182
1716	0.8922196329	0.4315238526
1717	0.8922545016	0.4314789874
1718	0.8922789693	0.4314472177
1719	0.8923059106	0.4314159208
1720	0.8923455477	0.4313741759
1721	0.8923812807	0.4313294525
1722	0.8924095631	0.4312893622
1723	0.892434895	0.4312522031
1724	0.8924793303	0.4311960861
1725	0.8925172389	0.4311504645
1726	0.8925404549	0.4311229497
1727	0.8925670385	0.4310934966
1728	0.8925967515	0.4310565738
1729	0.8926223516	0.4310231968
1730	0.8926437795	0.4310009769
1731	0.8926741779	0.4309556862
1732	0.8926753104	0.4309493512
1733	0.8927054703	0.4309104428
1734	0.8927353323	0.4308815098
1735	0.8927689195	0.4308443033
1736	0.8928053975	0.4307989181
1737	0.8928466439	0.4307518782
1738	0.8928696811	0.4307193048
1739	0.8928949833	0.4306835167
1740	0.8929320276	0.4306428118
1741	0.8929577768	0.4306127914
1742	0.8929793239	0.4305811635
1743	0.8929983675	0.4305485902
1744	0.8930217624	0.4305168205
1745	0.893042773	0.4304944116
1746	0.8930649757	0.4304768248
1747	0.8930972815	0.4304321014
1748	0.8931158185	0.4303981098
1749	0.8931512535	0.4303502189
1750	0.8931806087	0.4303208131
1751	0.8931992948	0.4302809119
1752	0.8932173252	0.4302602049
1753	0.8932534456	0.4302171835
1754	0.8932906985	0.4301692453
1755	0.8933235109	0.430113412
1756	0.8933467865	0.4300813114
1757	0.8933946788	0.4300323805
1758	0.893437922	0.4299721978
1759	0.8934697211	0.4299283254
1760	0.8934910893	0.4299018034
1761	0.8935107291	0.4298701283
1762	0.8935299516	0.4298337255
1763	0.8935661912	0.4297934934
1764	0.8936268091	0.4297341144
1765	0.8936657906	0.4296903839
1766	0.893699944	0.429645235
1767	0.8937318027	0.4296112434
1768	0.8937815428	0.4295491223
1769	0.8938104212	0.4295100721
1770	0.8938463628	0.4294642614
1771	0.8939065933	0.4293908886
1772	0.8939453363	0.4293437542
1773	0.8939719796	0.4293121263
1774	0.8939956725	0.4292729343
1775	0.8940379322	0.4292370043
1776	0.8940746784	0.4291907681
1777	0.8940997422	0.4291550272
1778	0.8941209912	0.4291233994
1779	0.8941432834	0.4290887932
1780	0.8941553235	0.4290665733
1781	0.894204855	0.4290131984
1782	0.8942467868	0.4289586889
1783	0.8942776918	0.4289219552
1784	0.894298166	0.4288869707
1785	0.8943196833	0.4288566194
1786	0.8943473697	0.4288169546
1787	0.8943712115	0.4287907162
1788	0.8943990767	0.4287597503
1789	0.8944378197	0.428715216
1790	0.8944557309	0.4286931853
1791	0.8944712579	0.4286656705
1792	0.8944981694	0.4286291732
1793	0.8945011795	0.4286100263
1794	0.8945428133	0.4285649247
1795	0.8945693672	0.4285200122
1796	0.8945876956	0.4284960432
1797	0.8946014941	0.4284744852
1798	0.8946208656	0.4284498542
1799	0.894659847	0.4284075892
1800	0.8946870565	0.4283702883
1801	0.8947027624	0.4283310489
1802	0.8947274685	0.428299752
1803	0.8947458267	0.4282737974
1804	0.8947618306	0.4282524758
1805	0.8947969377	0.4281993845
1806	0.8948265016	0.4281649201
1807	0.894859612	0.4281373107
1808	0.8948799074	0.4281035082
1809	0.8949410915	0.4280476749
1810	0.894975245	0.4280122177
1811	0.8950116634	0.4279774696
1812	0.8950256109	0.4279463618
1813	0.8950420618	0.4279172397
1814	0.8950737715	0.4278780476
1815	0.8950926065	0.4278533221
1816	0.8951419294	0.4278007982
1817	0.8951986134	0.4277485579
1818	0.8952356875	0.4277097913
1819	0.8952530026	0.427685775
1820	0.8952679932	0.4276573619
1821	0.8952908814	0.4276219993
1822	0.8953065574	0.4275968483
1823	0.8953281045	0.4275636131
1824	0.8953554034	0.4275290068
1825	0.895382762	0.427495488
1826	0.8953978121	0.4274691078
1827	0.8954432011	0.4274252827
1828	0.8954816163	0.4273810794
1829	0.8954924941	0.4273680784
1830	0.8955152929	0.4273328575
1831	0.8955484629	0.4272891743
1832	0.8955848515	0.4272412361
1833	0.8956182897	0.4271963709
1834	0.8956385255	0.4271661141
1835	0.8956746757	0.4271226199
1836	0.8957073092	0.4270878246
1837	0.8957449496	0.4270431012
1838	0.895773977	0.4270039565
1839	0.8957963586	0.4269764417
1840	0.8958357871	0.4269375806
1841	0.8958545625	0.4269148879
1842	0.8958916962	0.426862884
1843	0.8959198594	0.4268278523
1844	0.8959427178	0.426796319
1845	0.8959688544	0.4267580252
1846	0.8960047662	0.4267110326
1847	0.8960298896	0.4266802085
1848	0.8960647881	0.4266388417
1849	0.8960960507	0.4266033373
1850	0.896119982	0.4265705748
1851	0.8961384594	0.4265466057
1852	0.8961832523	0.4265002277
1853	0.8962252736	0.4264523368
1854	0.8962896168	0.4263848736
1855	0.8963138163	0.4263487072
1856	0.8963415325	0.4263200578
1857	0.8963697553	0.4262906047
1858	0.8964032829	0.426255242
1859	0.8964243531	0.4262227159
1860	0.89645347	0.4261836657
1861	0.8964812756	0.4261515178
1862	0.8965052068	0.4261279742
1863	0.8965407312	0.4260970556
1864	0.8965748549	0.4260524267
1865	0.8966154456	0.4260151258
1866	0.8966378272	0.4259881783
1867	0.8966581523	0.4259649184
1868	0.8966735899	0.4259442586
1869	0.896695435	0.4259089905
1870	0.8967069089	0.425888709
1871	0.8967254758	0.4258608633
1872	0.8967504203	0.4258266352
1873	0.8967719674	0.4258016261
1874	0.8968007267	0.4257678235
1875	0.8968335986	0.4257279224
1876	0.8968469501	0.4257191762
1877	0.8968828917	0.4256766749
1878	0.8969114125	0.4256419268
1879	0.8969519138	0.4256006546
1880	0.8969802558	0.425560517
1881	0.8970205486	0.4255104042
1882	0.8970503807	0.4254730559
1883	0.8970692158	0.4254423736
1884	0.8970990479	0.4254053563
1885	0.8971272707	0.4253698518
1886	0.8971720338	0.425319928
1887	0.8972121179	0.4252763393
1888	0.8972323835	0.4252542613
1889	0.8972648382	0.4252060395
1890	0.8972802758	0.4251883582
1891	0.8973196149	0.4251347469
1892	0.897357136	0.4250855795
1893	0.8973709643	0.4250575447
1894	0.8973973691	0.4250372632
1895	0.8974270523	0.4250080464
1896	0.89743945	0.4249903651
1897	0.897473067	0.4249484783
1898	0.8974991739	0.4248997365
1899	0.8975202143	0.4248749164
1900	0.8975611031	0.4248257491
1901	0.897609055	0.4247733197
1902	0.8976344764	0.424734695
1903	0.897647202	0.4247187156
1904	0.8976861238	0.4246661916
1905	0.8977301121	0.424617828
1906	0.8977468312	0.4245984447
1907	0.8977864981	0.424557929
1908	0.897802949	0.4245275776
1909	0.8978222311	0.4245010083
1910	0.8978476226	0.4244682931
1911	0.8978596926	0.4244501863
1912	0.8979069591	0.4243963859
1913	0.8979259729	0.4243770972
1914	0.8979383707	0.4243574302
1915	0.8979716599	0.4243227767
1916	0.8980065584	0.4242860903
1917	0.898031652	0.4242438253
1918	0.8980766535	0.4241844463
1919	0.8980956674	0.4241624156
1920	0.8981225491	0.4241302677
1921	0.8981427848	0.4240921158
1922	0.8981765807	0.4240543893
1923	0.8982242346	0.4240002107
1924	0.8982712328	0.4239456066
1925	0.8982929885	0.4239256087
1926	0.8983199	0.4238864639
1927	0.8983358443	0.4238632986
1928	0.8983579576	0.4238309143
1929	0.8983741105	0.423806567
1930	0.8984111845	0.4237740409
1931	0.8984404206	0.4237414676
1932	0.8984469771	0.423728372
1933	0.8984790742	0.4236799611
1934	0.8984965384	0.4236557557
1935	0.8985200524	0.4236193057
1936	0.8985387087	0.4235829029
1937	0.8985889852	0.423520971
1938	0.8986138701	0.4234828663
1939	0.8986339271	0.4234553515
1940	0.8986468911	0.4234328007
1941	0.8986802697	0.423388692
1942	0.898707509	0.4233553149
1943	0.8987258077	0.4233300221
1944	0.8987833261	0.4232758435
1945	0.8988151848	0.4232432701
1946	0.8988384306	0.4232072456
1947	0.8988703787	0.4231676281
1948	0.8988986015	0.4231282469
1949	0.8989288509	0.4230769994
1950	0.898940146	0.4230604527
1951	0.8989561498	0.4230411167
1952	0.8989738524	0.4230102926
1953	0.8989877999	0.4229891128
1954	0.8990157843	0.4229616453
1955	0.8990551829	0.4229134708
1956	0.8990825713	0.4228799519
1957	0.8991057575	0.4228475677
1958	0.899123311	0.4228243077
1959	0.89915362	0.4227805772
1960	0.8991674781	0.4227626595
1961	0.8991925716	0.4227277696
1962	0.8992250562	0.4226849845
1963	0.8992638588	0.422635439
1964	0.8992922306	0.4225971452
1965	0.8993084729	0.4225656592
1966	0.8993648887	0.4225058074
1967	0.8993779421	0.4224846749
1968	0.8994081616	0.4224476103
1969	0.8994359374	0.4224219866
1970	0.8994604349	0.4223841183
1971	0.8994794488	0.4223621821
1972	0.8995039165	0.4223302233
1973	0.8995249271	0.4223055924
1974	0.8995295465	0.42228602
1975	0.8995500803	0.4222546758
1976	0.8995783925	0.4222205423
1977	0.8996066749	0.4221803575
1978	0.8996179402	0.422159225
1979	0.8996402025	0.4221374306
1980	0.8996672928	0.4221063701
1981	0.8996984363	0.4220772007
1982	0.8997342288	0.422038765
1983	0.8997544646	0.4220114866
1984	0.8997814059	0.4219723419
1985	0.899815917	0.4219257274
1986	0.8998342156	0.4219002455
1987	0.899861455	0.4218677195
1988	0.8998935819	0.4218225706
1989	0.8999245465	0.4217797383
1990	0.8999395072	0.4217578967
1991	0.8999656141	0.4217187046
1992	0.8999996185	0.4216786143
1993	0.9000304043	0.4216489248
1994	0.9000595212	0.4215935643
1995	0.9000788927	0.4215596199
1996	0.9001081586	0.4215282285
1997	0.9001268744	0.4215092234
1998	0.9001417458	0.4214644528
1999	0.9001835883	0.4214048374
2000	0.9001924694	0.4213930656
2001	0.900214076	0.421361485
2002	0.9002460241	0.4213157216
2003	0.9002628624	0.4212895778
2004	0.9002765417	0.4212635759
2005	0.9002947509	0.4212347373
2006	0.9003162384	0.421211241
2007	0.9003338218	0.4211888321
2008	0.9003594518	0.4211597571
2009	0.9003880024	0.4211239217
2010	0.900405854	0.4210913956
2011	0.9004202485	0.4210633135
2012	0.900452286	0.4210263435
2013	0.9004829824	0.4209755688
2014	0.9005219936	0.4209281034
2015	0.9005428255	0.4208992648
2016	0.9005603492	0.4208761467
2017	0.900567323	0.4208479701
2018	0.9005906582	0.420815444
2019	0.9006025493	0.4207870309
2020	0.9006289542	0.4207449551
2021	0.9006426334	0.4207141782
2022	0.9006485343	0.4207033046
2023	0.9006689787	0.4206680838
2024	0.9007005095	0.4206325793
2025	0.9007140398	0.4206166472
2026	0.9007377625	0.4205794408
2027	0.9007814825	0.4205290443
2028	0.900816977	0.4204788369
2029	0.9008568227	0.4204326479
2030	0.9008902311	0.4203928413
2031	0.9009447396	0.4203267963
2032	0.9009644091	0.4202874625
2033	0.9009947181	0.420258293
2034	0.9010196328	0.4202235922
2035	0.901055485	0.4201777815
2036	0.9010717571	0.4201481393
2037	0.9011092782	0.4200988774
2038	0.901135534	0.4200610564
2039	0.9011613429	0.4200237081
2040	0.9011743963	0.4200005427
2041	0.9012179077	0.4199562921
2042	0.9012340307	0.4199288246
2043	0.9012560248	0.4198946439
2044	0.9012614191	0.4198769153
2045	0.9012662172	0.4198555464
2046	0.9012869596	0.4198205619
2047	0.9013015628	0.4197989094
2048	0.901322335	0.4197732384
2049	0.9013378024	0.4197480874
2050	0.9013665617	0.4197106919
2051	0.9014050066	0.4196604372
2052	0.9014572501	0.4195853624
2053	0.9014968872	0.4195340677
2054	0.9015111923	0.4195038108
2055	0.9015297294	0.4194847585
2056	0.9015575647	0.4194406025
2057	0.9015959203	0.4193891659
2058	0.9016231894	0.4193435443
2059	0.9016369283	0.4193232155
2060	0.9016599655	0.4193062433
2061	0.9016775787	0.4192855363
2062	0.9016963542	0.419257265
2063	0.9017118812	0.4192326341
2064	0.901720196	0.4192149055
2065	0.9017753601	0.4191655963
2066	0.9018090963	0.4191248915
2067	0.9018284678	0.4190986058
2068	0.9018686712	0.4190416852
2069	0.9018827081	0.4190206473
2070	0.9018976092	0.4189964418
2071	0.9019125402	0.418969778
2072	0.9019633234	0.4189174431
2073	0.9020041823	0.4188644464
2074	0.9020374119	0.418823647
2075	0.9020650089	0.4187874806
2076	0.9020949602	0.4187427573
2077	0.9021162689	0.418713446
2078	0.9021458328	0.418678887
2079	0.9021737874	0.4186399314
2080	0.9021936059	0.4186122275
2081	0.9022295475	0.4185760611
2082	0.9022600651	0.4185324724
2083	0.9022935331	0.4184972988
2084	0.9023314714	0.4184508735
2085	0.9023512304	0.4184212313
2086	0.9023634493	0.4183950875
2087	0.9023942053	0.4183637906
2088	0.902420342	0.4183343848
2089	0.902429074	0.4183238894
2090	0.9024547935	0.418283941
2091	0.902482599	0.418251604
2092	0.9024936557	0.4182317007
2093	0.9025295675	0.418185559
2094	0.902559191	0.4181510473
2095	0.902570188	0.4181341697
2096	0.9025882781	0.4181101061
2097	0.9026067555	0.4180833004
2098	0.9026305079	0.4180483633
2099	0.9026558995	0.4180108732
2100	0.9026839137	0.4179670481
2101	0.902695775	0.4179504541
2102	0.9027379155	0.4179033669
2103	0.9027761817	0.4178653095
2104	0.9027862251	0.4178466354
2105	0.9028114378	0.4178093817
2106	0.902846843	0.4177663602
2107	0.9028685987	0.4177376163
2108	0.9028839767	0.4177120871
2109	0.9029189646	0.4176743606
2110	0.9029444754	0.4176392343
2111	0.9029760361	0.4175968748
2112	0.903010428	0.4175572572
2113	0.9030529559	0.417511352
2114	0.9030854404	0.4174770294
2115	0.9031109512	0.4174396811
2116	0.9031426311	0.4174014346
2117	0.9031754434	0.4173523618
2118	0.903196454	0.417317992
2119	0.903239578	0.4172705266
2120	0.9032582939	0.4172497723
2121	0.9032954574	0.4172065145
2122	0.9033328295	0.4171636822
2123	0.9033461809	0.4171416987
2124	0.9033597112	0.4171237338
2125	0.903398335	0.4170820833
2126	0.9034245312	0.4170494627
2127	0.9034515619	0.417019395
2128	0.9034814835	0.4169859234
2129	0.9035076797	0.4169556666
2130	0.903536737	0.4169139689
2131	0.9035630822	0.4168810646
2132	0.9035817981	0.4168559136
2133	0.9035994112	0.4168294389
2134	0.9036188126	0.4168021605
2135	0.9036313593	0.416773322
2136	0.9036628902	0.416726093
2137	0.9037087262	0.4166756019
2138	0.9037252069	0.4166584879
2139	0.9037265778	0.4166486071
2140	0.9037568271	0.4166073822
2141	0.903790921	0.416561666
2142	0.9038219452	0.4165237977
2143	0.9038404524	0.4164951483
2144	0.903856039	0.4164679172
2145	0.9038670361	0.4164497158
2146	0.9038776159	0.4164317508
2147	0.9039124846	0.4163946862
2148	0.9039452076	0.4163544541
2149	0.9039739668	0.4163131819
2150	0.9039966166	0.4162894965
2151	0.90402475	0.4162576323
2152	0.904042691	0.4162410383
2153	0.9040757418	0.4161986315
2154	0.9040955007	0.4161691784
2155	0.9041064382	0.4161484713
2156	0.9041258693	0.416124455
2157	0.9041512609	0.4160937254
2158	0.9041723311	0.4160698509
2159	0.9041924775	0.4160398777
2160	0.9042129815	0.4160032859
2161	0.9042435288	0.4159655594
2162	0.9042727649	0.4159317569
2163	0.9042904377	0.4158969143
2164	0.9043110907	0.4158710541
2165	0.9043353498	0.415838859
2166	0.9043753445	0.4157882261
2167	0.9043899775	0.4157621296
2168	0.9044055641	0.4157355603
2169	0.9044246972	0.4157078091
2170	0.9044492245	0.4156752358
2171	0.9044777155	0.4156308433
2172	0.9045038223	0.415575341
2173	0.9045346081	0.4155472116
2174	0.9045443535	0.4155283484
2175	0.9045482576	0.4155147328
2176	0.9045820236	0.4154761554
2177	0.904610008	0.4154336067
2178	0.9046378136	0.4153946983
2179	0.9046649039	0.415359052
2180	0.9046860039	0.4153298825
2181	0.904710412	0.4153009495
2182	0.9047318399	0.4152671942
2183	0.904764235	0.4152219981
2184	0.9047854543	0.4151874864
2185	0.9047990739	0.4151619099
2186	0.9048303962	0.4151225761
2187	0.9048421085	0.4151106624
2188	0.904863447	0.4150887735
2189	0.9048838615	0.4150632443
2190	0.9049057364	0.4150381406
2191	0.9049257636	0.4150083093
2192	0.9049528539	0.4149714811
2193	0.904963851	0.4149545089
2194	0.9049782753	0.4149209427
2195	0.9050062299	0.4148873293
2196	0.9050463438	0.4148299831
2197	0.9050702751	0.4148025629
2198	0.9050934911	0.4147763246
2199	0.9051198363	0.4147352415
2200	0.9051436186	0.4146925983
2201	0.9051637948	0.4146613959
2202	0.905187279	0.4146357249
2203	0.9051961601	0.414615727
2204	0.9052164257	0.4145867467
2205	0.905228734	0.4145575772
2206	0.9052609801	0.414514414
2207	0.9052899182	0.4144747964
2208	0.9053108096	0.4144423649
2209	0.9053297937	0.4144108789
2210	0.9053551555	0.4143807639
2211	0.9053804278	0.41434039
2212	0.9053985476	0.4143173664
2213	0.9054201841	0.4142965176
2214	0.90543136	0.4142703265
2215	0.9054515362	0.414242859
2216	0.9054659605	0.4142130277
2217	0.9054991603	0.4141702426
2218	0.9055407643	0.4141289232
2219	0.9055661261	0.4141050487
2220	0.9055920839	0.414068835
2221	0.9056182504	0.4140434004
2222	0.9056569636	0.4140027901
2223	0.9056729376	0.413982083
2224	0.9056991935	0.4139493206
2225	0.9057276547	0.4139108377
2226	0.9057638049	0.4138621431
2227	0.9057990909	0.4138236602
2228	0.9058199227	0.413793167
2229	0.9058427811	0.4137602627
2230	0.9058715701	0.413715823
2231	0.9058886766	0.4136940287
2232	0.9059125781	0.4136636773
2233	0.9059292376	0.4136373917
2234	0.9059599638	0.4135814638
2235	0.9059798419	0.4135624588
2236	0.9060036242	0.4135312092
2237	0.9060297608	0.4135042144
2238	0.9060477018	0.4134658733
2239	0.9060858488	0.413430227
2240	0.9061118066	0.4133947225
2241	0.9061455727	0.4133453661
2242	0.9061799645	0.4133071196
2243	0.9062179625	0.4132566758
2244	0.9062348008	0.4132319976
2245	0.906264782	0.4131911509
2246	0.9062946737	0.4131529516
2247	0.9063237011	0.4131293135
2248	0.9063664377	0.413062843
2249	0.9063887596	0.4130310734
2250	0.906404078	0.4130067734
2251	0.9064224362	0.4129684796
2252	0.9064372182	0.4129356698
2253	0.9064548612	0.4129089115
2254	0.9064760506	0.4128860297
2255	0.9064942002	0.4128586568
2256	0.9065212309	0.4128189447
2257	0.9065349996	0.4128010743
2258	0.9065605402	0.4127720939
2259	0.9065694213	0.4127493067
2260	0.9066144824	0.4126918661
2261	0.9066486061	0.4126493647
2262	0.9066886008	0.4126047831
2263	0.9067151248	0.4125704133
2264	0.906727463	0.4125489971
2265	0.9067584872	0.4125040374
2266	0.9067771137	0.4124691475
2267	0.906798929	0.4124352977
2268	0.9068186283	0.4124042844
2269	0.9068482816	0.4123541243
2270	0.9068806469	0.4123157832
2271	0.9069012105	0.412282879
2272	0.9069356322	0.4122378719
2273	0.9069584608	0.4122107826
2274	0.9069762826	0.4121765546
2275	0.9070144296	0.4121226124
2276	0.9070561826	0.4120644625
2277	0.9070798755	0.4120371368
2278	0.9071195126	0.4119838092
2279	0.9071470201	0.4119489193
2280	0.9071692824	0.4119086399
2281	0.9071832895	0.4118847181
2282	0.9072306752	0.4118247718
2283	0.907243073	0.4118064286
2284	0.907276094	0.4117565994
2285	0.9073066413	0.4117160363
2286	0.9073233008	0.4116872924
2287	0.9073458314	0.4116551918
2288	0.9073769748	0.4116116976
2289	0.907402575	0.4115738766
2290	0.9074318111	0.4115299569
2291	0.9074442685	0.4115093917
2292	0.9074705541	0.4114693487
2293	0.9075028002	0.4114340806
2294	0.9075123072	0.4114043911
2295	0.9075306654	0.4113764035
2296	0.9075421095	0.411358344
2297	0.9075748622	0.41131745
2298	0.9075953364	0.4112757523
2299	0.9076165557	0.4112374585
2300	0.907641679	0.4112097546
2301	0.907643944	0.4111936807
2302	0.9076589346	0.4111636603
2303	0.907684207	0.4111303305
2304	0.907705605	0.4110979935
2305	0.9077368379	0.411061118
2306	0.9077522457	0.4110368653
2307	0.9077736735	0.4110114306
2308	0.9077850878	0.410991811
2309	0.9078028202	0.4109632561
2310	0.9078257084	0.4109268534
2311	0.9078395069	0.4109118668
2312	0.9078554213	0.4108804753
2313	0.9078784585	0.410855939
2314	0.9079012871	0.4108185907
2315	0.9079200923	0.4107918323
2316	0.9079482257	0.4107506547
2317	0.9079712033	0.4107180813
2318	0.907989949	0.4106879191
2319	0.9080076814	0.4106605461
2320	0.9080134332	0.4106402173
2321	0.9080365598	0.41060372
2322	0.9080536067	0.4105747869
2323	0.9080685973	0.410547934
2324	0.908102572	0.4105006577
2325	0.908133775	0.4104520577
2326	0.9081428945	0.4104373075
2327	0.9081686735	0.4103977372
2328	0.9082051814	0.4103532503
2329	0.9082353413	0.4103074868
2330	0.9082598388	0.4102781755
2331	0.9082766473	0.410254821
2332	0.908302784	0.4102105232
2333	0.9083252847	0.4101773825
2334	0.908357501	0.4101330373
2335	0.9083785415	0.4101069881
2336	0.9083937407	0.4100760694
2337	0.9084209204	0.4100400922
2338	0.9084378779	0.4100218435
2339	0.908449024	0.4099967398
2340	0.9084679782	0.4099730071
2341	0.9084888995	0.4099435067
2342	0.9085124731	0.4099121626
2343	0.9085235894	0.4098964196
2344	0.9085419774	0.4098764217
2345	0.9085617661	0.4098470631
2346	0.9085827172	0.4098251742
2347	0.9086102843	0.4097958156
2348	0.9086247683	0.4097794108
2349	0.9086390138	0.4097521796
2350	0.9086685181	0.4097155878
2351	0.908698529	0.409677814
2352	0.9087148309	0.4096527576
2353	0.9087313712	0.4096190496
2354	0.9087564945	0.4095827887
2355	0.908780694	0.4095447786
2356	0.9087940156	0.4095185402
2357	0.9088137448	0.4094797264
2358	0.9088347256	0.4094507933
2359	0.9088532329	0.4094230422
2360	0.9088701308	0.4093975602
2361	0.9089113772	0.409337803
2362	0.9089283347	0.4093110919
2363	0.9089440703	0.4092803623
2364	0.9089612961	0.409252233
2365	0.9089880288	0.4092218816
2366	0.9090082347	0.409193894
2367	0.9090377688	0.409161888
2368	0.9090716541	0.4091216086
2369	0.9090970457	0.4090957485
2370	0.9091174006	0.4090672881
2371	0.9091456831	0.4090297981
2372	0.9091633558	0.4090089019
2373	0.9091870189	0.4089669206
2374	0.9092080295	0.4089429988
2375	0.9092299342	0.4089088653
2376	0.9092460871	0.4088908058
2377	0.9092802405	0.408856625
2378	0.9092994034	0.4088283538
2379	0.9093169868	0.4087960168
2380	0.9093473554	0.4087542246
2381	0.9093833864	0.4087189092
2382	0.9094020128	0.4086901652
2383	0.9094227552	0.4086726257
2384	0.9094500542	0.4086368849
2385	0.9094790816	0.4086059662
2386	0.9095140696	0.4085544823
2387	0.9095470011	0.4085092862
2388	0.9095618129	0.4084879173
2389	0.9095794857	0.4084645628
2390	0.9095947146	0.4084363389
2391	0.9096266329	0.4083946412
2392	0.9096418321	0.4083697739
2393	0.9096600413	0.4083404626
2394	0.9096990228	0.4082943209
2395	0.909712106	0.4082785307
2396	0.9097274542	0.4082516777
2397	0.9097415805	0.4082240684
2398	0.9097639918	0.4081919678
2399	0.9097913802	0.4081596781
2400	0.9098011851	0.4081420913
2401	0.9098525047	0.4080767555
2402	0.9098831713	0.4080336395
2403	0.9099187851	0.4079862214
2404	0.9099520743	0.4079405053
2405	0.909965843	0.4079285444
2406	0.9100014269	0.4078768241
2407	0.9100281298	0.4078403268
2408	0.9100754559	0.4077832171
2409	0.9100934863	0.4077496036
2410	0.9101372361	0.4077064404
2411	0.9101408124	0.4076943377
2412	0.9101545513	0.4076717869
2413	0.9101765156	0.4076469668
2414	0.9101986885	0.4076229505
2415	0.9102167785	0.4076014398
2416	0.910243988	0.4075696228
2417	0.9102704227	0.4075423444
2418	0.9102925062	0.4075093929
2419	0.9103147089	0.4074802707
2420	0.910333842	0.4074488792
2421	0.9103609025	0.4074095453
2422	0.9104023278	0.4073546576
2423	0.9104138315	0.4073308776
2424	0.9104516506	0.4072790155
2425	0.910458684	0.407260956
2426	0.9104859531	0.407220062
2427	0.9105053246	0.4071840848
2428	0.9105454981	0.4071316081
2429	0.9105652273	0.4071095301
2430	0.9105807543	0.4070782332
2431	0.910598129	0.4070495837
2432	0.910607934	0.4070324697
2433	0.9106219113	0.4070158758
2434	0.9106385708	0.4069910557
2435	0.9106706977	0.406938059
2436	0.9106982946	0.4068993397
2437	0.9107229412	0.4068605732
2438	0.9107478559	0.406827527
2439	0.9107686579	0.4068014778
2440	0.9108021557	0.4067469683
2441	0.9108215272	0.406708769
2442	0.910843581	0.4066795996
2443	0.9108685255	0.4066419676
2444	0.9108883142	0.4066123727
2445	0.9109059274	0.4065822104
2446	0.9109209776	0.4065567285
2447	0.9109552801	0.4065155036
2448	0.9109748006	0.4064870433
2449	0.910985589	0.4064718203
2450	0.9110175967	0.4064314936
2451	0.911035955	0.4063998185
2452	0.9110649228	0.4063681434
2453	0.9110866189	0.4063365629
2454	0.9111228287	0.4062898539
2455	0.9111426175	0.4062573278
2456	0.9111620784	0.4062246126
2457	0.911193192	0.4061843805
2458	0.9112206995	0.4061418319
2459	0.9112473726	0.4060979122
2460	0.9112683237	0.4060662844
2461	0.9112751484	0.406054418
2462	0.9112997055	0.406023783
2463	0.9113163352	0.4059896022
2464	0.9113322496	0.4059672878
2465	0.9113632441	0.4059333435
2466	0.9113847911	0.4059058287
2467	0.911414206	0.4058630909
2468	0.9114468694	0.4058167602
2469	0.9114653766	0.4057938312
2470	0.9114774764	0.4057746843
2471	0.9114965796	0.4057456094
2472	0.9115092456	0.4057310955
2473	0.9115320444	0.4057008387
2474	0.9115411043	0.405680699
2475	0.9115705788	0.4056275605
2476	0.9115926027	0.4055976819
2477	0.9116286337	0.4055468599
2478	0.9116434753	0.4055199124
2479	0.9116609991	0.4054964161
2480	0.9116793275	0.4054698468
2481	0.9116908312	0.4054524491
2482	0.9117026627	0.405428811
2483	0.9117242098	0.4053950085
2484	0.9117391109	0.4053667845
2485	0.911766082	0.4053281125
2486	0.9117824733	0.4053129841
2487	0.9118081927	0.4052719956
2488	0.9118216634	0.4052409823
2489	0.9118528068	0.4052071798
2490	0.9118718207	0.4051827852
2491	0.9118873477	0.4051595726
2492	0.9119037092	0.4051379673
2493	0.9119278193	0.4050938113
2494	0.911955744	0.4050541937
2495	0.9119772613	0.4050265844
2496	0.9120072722	0.4049790717
2497	0.9120205045	0.4049631396
2498	0.9120296538	0.4049486731
2499	0.9120406806	0.4049276351
2500	0.9120538533	0.4048974256
2501	0.9120838344	0.4048522295
2502	0.912099272	0.4048165359
2503	0.9121125937	0.4047876974
2504	0.9121208489	0.4047676522
2505	0.9121505022	0.4047350316
2506	0.9121937752	0.4046730996
2507	0.9122013748	0.4046560802
2508	0.9122158289	0.404630031
2509	0.9122382104	0.4046006724
2510	0.9122569263	0.4045630405
2511	0.9122780561	0.4045301362
2512	0.912291795	0.4045100438
2513	0.9123209715	0.4044769504
2514	0.9123423398	0.4044495301
2515	0.9123591185	0.4044220626
2516	0.9123866856	0.4043830597
2517	0.9124107659	0.4043555449
2518	0.9124461114	0.4043022172
2519	0.9124720991	0.4042669018
2520	0.9125033319	0.4042213275
2521	0.9125193357	0.404192158
2522	0.9125320017	0.4041744767
2523	0.9125534594	0.4041348592
2524	0.9125826955	0.4041003002
2525	0.9125909507	0.4040702798
2526	0.9126129746	0.4040430014
2527	0.9126368761	0.4040083479
2528	0.91264835	0.4039787056
2529	0.9126695991	0.4039481179
2530	0.9126954973	0.4038957358
2531	0.9127241075	0.4038554564
2532	0.9127340913	0.4038334729
2533	0.9127539098	0.4037984412
2534	0.9127857387	0.403752205
2535	0.9128092229	0.4037142894
2536	0.9128376544	0.4036758065
2537	0.9128667712	0.4036328796
2538	0.9128890038	0.4036027646
2539	0.9129200876	0.4035647072
2540	0.9129377306	0.4035413055
2541	0.9129558802	0.4035114269
2542	0.9129803777	0.4034858504
2543	0.912997067	0.4034583356
2544	0.9130159914	0.4034348866
2545	0.9130313396	0.4034070408
2546	0.9130378067	0.4033901632
2547	0.913051784	0.4033610883
2548	0.9130862951	0.4033228418
2549	0.9131173491	0.4032872427
2550	0.9131366313	0.4032622809
2551	0.9131548703	0.4032393046
2552	0.9131818414	0.4032017199
2553	0.9132004678	0.4031759071
2554	0.9132190645	0.4031528363
2555	0.9132473469	0.4031116114
2556	0.9132646918	0.4030796999
2557	0.9132866859	0.4030505304
2558	0.9133041501	0.4030278378
2559	0.9133244753	0.4029982428
2560	0.9133335948	0.402980467
2561	0.9133647084	0.4029405658
2562	0.9133883417	0.4029111126
2563	0.9134025574	0.4028932895
2564	0.9134172201	0.4028543338
2565	0.9134539366	0.4028147163
2566	0.9134763479	0.4027824739
2567	0.9135020077	0.402740398
2568	0.9135269225	0.4027038534
2569	0.9135525525	0.4026748258
2570	0.9135653079	0.4026474056
2571	0.9135747552	0.4026284005
2572	0.9135983288	0.4025948343
2573	0.9136170447	0.4025709125
2574	0.9136489034	0.4025193814
2575	0.9136734903	0.4024810403
2576	0.9136912823	0.4024609952
2577	0.9137030542	0.4024352769
2578	0.9137271345	0.4024067693
2579	0.9137447476	0.402385495
2580	0.9137672484	0.4023513142
2581	0.9137753844	0.4023306545
2582	0.9138107598	0.4022769959
2583	0.9138236344	0.4022518922
2584	0.9138307571	0.4022373311
2585	0.9138451517	0.4022091072
2586	0.9138697386	0.4021661803
2587	0.9139009118	0.4021158783
2588	0.9139086008	0.4021003244
2589	0.9139273167	0.402072195
2590	0.9139471352	0.402040709
2591	0.9139628708	0.4020157944
2592	0.9139953554	0.401975846
2593	0.9140016735	0.4019615213
2594	0.9140186608	0.4019334864
2595	0.9140412211	0.4018962327
2596	0.91406551	0.4018564734
2597	0.9140796959	0.4018394539
2598	0.9141072035	0.4017943523
2599	0.9141279757	0.4017658447
2600	0.9141415954	0.4017423012
2601	0.9141568244	0.4017149282
2602	0.9141861498	0.4016753107
2603	0.9141996205	0.4016565893
2604	0.914216578	0.4016318165
2605	0.9142329395	0.4015975412
2606	0.9142511189	0.4015671898
2607	0.9142724872	0.4015318271
2608	0.9142924547	0.401506298
2609	0.9143225849	0.4014653567
2610	0.9143422842	0.4014282448
2611	0.9143632054	0.4014017228
2612	0.9143862426	0.4013674948
2613	0.9144060612	0.401339129
2614	0.9144336879	0.4012942166
2615	0.9144531488	0.401265709
2616	0.9144735038	0.4012276988
2617	0.9144926369	0.4011983875
2618	0.9145120084	0.4011523404
2619	0.9145316184	0.4011290805
2620	0.9145559371	0.4011046859
2621	0.9145884514	0.4010664394
2622	0.9146098793	0.4010403902
2623	0.9146190286	0.4010230398
2624	0.9146393836	0.4009890009
2625	0.9146522582	0.4009715559
2626	0.9146739841	0.4009526927
2627	0.9146947563	0.4009193157
2628	0.9147122204	0.4008990341
2629	0.9147410095	0.4008554927
2630	0.9147455096	0.4008356366
2631	0.9147726297	0.4007993757
2632	0.9147881866	0.4007740356
2633	0.9148053229	0.4007485064
2634	0.9148187935	0.4007259084
2635	0.914852351	0.4006793885
2636	0.9148807228	0.400639771
2637	0.9148930609	0.4006242171
2638	0.9149123132	0.4005977424
2639	0.9149344862	0.4005649799
2640	0.9149546921	0.4005348649
2641	0.9149948359	0.4004744931
2642	0.9150227904	0.4004334573
2643	0.9150547981	0.4004062262
2644	0.9150722623	0.4003773404
2645	0.9150871933	0.4003541277
2646	0.9151142836	0.4003138483
2647	0.9151450694	0.4002724343
2648	0.9151749909	0.4002333368
2649	0.9151971936	0.4002068148
2650	0.9152207673	0.4001775981
2651	0.9152337313	0.4001570329
2652	0.9152499139	0.4001353804
2653	0.9152692854	0.4001155243
2654	0.9152880311	0.4000873949
2655	0.9153147638	0.4000446099
2656	0.9153266251	0.4000283941
2657	0.9153487682	0.3999928896
2658	0.9153734148	0.3999563924
2659	0.9153921306	0.3999302486
2660	0.9154270887	0.3998727133
2661	0.9154450893	0.3998461441
2662	0.9154654741	0.3998158873
2663	0.9154906869	0.3997833612
2664	0.9155109227	0.3997582575
2665	0.9155319929	0.3997190654
2666	0.9155436456	0.3996881467
2667	0.9155614972	0.3996606319
2668	0.9155792892	0.3996407759
2669	0.9155955911	0.3996168068
2670	0.915612936	0.3995943979
2671	0.9156268537	0.3995709488
2672	0.9156622291	0.3995215451
2673	0.9156846702	0.3994916665
2674	0.9157039821	0.3994702031
2675	0.9157122374	0.3994535618
2676	0.9157436788	0.3994083657
2677	0.9157633483	0.3993675663
2678	0.9157811105	0.399339626
2679	0.9157910347	0.3993270978
2680	0.9158087373	0.3992972192
2681	0.9158382118	0.3992502738
2682	0.9158460796	0.399234389
2683	0.9158617854	0.3992013901
2684	0.9158858061	0.3991731189
2685	0.915905863	0.3991461715
2686	0.9159339368	0.3991098633
2687	0.9159615636	0.3990717586
2688	0.9159785509	0.3990433928
2689	0.9160127044	0.3989949819
2690	0.9160334766	0.398963165
2691	0.9160565138	0.3989195762
2692	0.9160854816	0.3988775476
2693	0.91611287	0.3988494182
2694	0.9161254764	0.3988354245
2695	0.9161525071	0.3988008655
2696	0.9161872864	0.3987491925
2697	0.9162037373	0.3987304238
2698	0.9162260294	0.398701869
2699	0.9162514508	0.3986712339
2700	0.9162699878	0.39864249
2701	0.9162895977	0.3986149752
2702	0.9163158834	0.3985785251
2703	0.9163475037	0.3985368747
2704	0.9163671434	0.3985096909
2705	0.9163885117	0.3984812306
2706	0.9164041281	0.3984587271
2707	0.916426301	0.3984249718
2708	0.9164444208	0.3983944313
2709	0.9164747596	0.3983537737
2710	0.9164938629	0.3983269208
2711	0.9165192246	0.3982859322
2712	0.916526556	0.3982720803
2713	0.9165395796	0.3982457474
2714	0.9165605605	0.3982149705
2715	0.9165864885	0.3981797497
2716	0.9166160822	0.3981439143
2717	0.9166503549	0.398102453
2718	0.9166741967	0.3980548931
2719	0.9167059064	0.3980097915
2720	0.9167407751	0.3979475286
2721	0.916759938	0.3979250251
2722	0.9167792797	0.397895572
2723	0.9168021083	0.3978603039
2724	0.9168179333	0.397835342
2725	0.9168288708	0.3978201663
2726	0.9168573618	0.3977802179
2727	0.9168792665	0.3977513793
2728	0.9168983996	0.3977252355
2729	0.9169203639	0.3976933241
2730	0.9169426262	0.3976623108
2731	0.9169623256	0.3976227406
2732	0.916995883	0.3975785845
2733	0.9170098603	0.3975538118
2734	0.917029053	0.3975249259
2735	0.9170460105	0.3974924944
2736	0.9170677662	0.3974620485
2737	0.9171008766	0.3974199726
2738	0.9171097875	0.3973996438
2739	0.9171238244	0.3973834753
2740	0.9171355069	0.3973639502
2741	0.9171415269	0.3973541167
2742	0.9171584845	0.3973270747
2743	0.9171951115	0.3972838169
2744	0.917218864	0.3972490688
2745	0.9172468781	0.3972083167
2746	0.9172577858	0.3971812274
2747	0.9172738791	0.3971570219
2748	0.9172910452	0.3971274743
2749	0.9173091948	0.3970987775
2750	0.9173295498	0.3970697499
2751	0.9173442423	0.3970427079
2752	0.9173638225	0.3970162332
2753	0.9173867404	0.3969769938
2754	0.9174007177	0.3969456024
2755	0.9174200892	0.3969289139
2756	0.9174426496	0.3968978534
2757	0.917465657	0.3968617816
2758	0.9174902439	0.3968237241
2759	0.917513907	0.396784343
2760	0.9175438583	0.396752337
2761	0.9175624847	0.3967249167
2762	0.9175931215	0.3966789169
2763	0.9176185727	0.3966400558
2764	0.9176366627	0.396608948
2765	0.9176557362	0.3965764219
2766	0.9176781178	0.3965428321
2767	0.9177002311	0.396511417
2768	0.9177260995	0.3964772126
2769	0.9177418053	0.3964541655
2770	0.9177711606	0.3964210248
2771	0.917789191	0.3964016179
2772	0.9178138077	0.3963590456
2773	0.917837888	0.3963263304
2774	0.9178582132	0.3962954826
2775	0.9178839326	0.3962515157
2776	0.9178886712	0.396238822
2777	0.9179283679	0.396191333
2778	0.9179465473	0.3961516445
2779	0.917968601	0.396119804
2780	0.9179823697	0.3961000897
2781	0.9180060327	0.3960610159
2782	0.9180330038	0.3960317992
2783	0.9180393517	0.3960158198
2784	0.9180553854	0.3959859175
2785	0.9180716276	0.395952895
2786	0.9180871844	0.3959306988
2787	0.9181053936	0.3958965417
2788	0.9181217253	0.3958617464
2789	0.9181422293	0.395838841
2790	0.9181569815	0.3958155102
2791	0.9181697667	0.3957960087
2792	0.918182075	0.3957753253
2793	0.9181935191	0.3957604806
2794	0.9182232618	0.3957201776
2795	0.9182500243	0.3956858786
2796	0.9182752073	0.3956474903
2797	0.9182955325	0.3956138532
2798	0.9183166325	0.3955885131
2799	0.918343544	0.3955587527
2800	0.9183688462	0.3955157549
2801	0.9183771014	0.3954961589
2802	0.918402642	0.3954586924
2803	0.9184236228	0.3954279629
2804	0.9184420705	0.3953979424
2805	0.9184699655	0.3953619179
2806	0.9184976518	0.3953234823
2807	0.9185071886	0.395303579
2808	0.9185260832	0.3952749768
2809	0.91854918	0.3952364939
2810	0.91856727	0.3952178671
2811	0.9185889959	0.3951837572
2812	0.9186047316	0.3951590317
2813	0.9186211526	0.3951274748
2814	0.9186407328	0.3950990145
2815	0.9186586142	0.3950595624
2816	0.9186774194	0.3950296366
2817	0.9187081158	0.3949891444
2818	0.918723166	0.394965979
2819	0.9187311828	0.3949438301
2820	0.9187471867	0.3949103349
2821	0.9187609851	0.394884522
2822	0.9187738299	0.3948649969
2823	0.9187925458	0.3948362057
2824	0.9188101888	0.3948115511
2825	0.9188266993	0.394786471
2826	0.9188464582	0.3947507538
2827	0.9188627899	0.3947246809
2828	0.9188816547	0.394698088
2829	0.9188949168	0.3946711878
2830	0.9189116955	0.3946415456
2831	0.9189361036	0.3946045755
2832	0.9189575911	0.394573515
2833	0.9189689159	0.3945581502
2834	0.9189917147	0.3945297844
2835	0.9190106392	0.3945014423
2836	0.9190232456	0.3944828627
2837	0.9190527797	0.3944398177
2838	0.9190892875	0.3943854499
2839	0.9191141427	0.3943531602
2840	0.9191238284	0.3943318386
2841	0.9191415608	0.3943037802
2842	0.9191590846	0.3942710413
2843	0.9191747308	0.3942552038
2844	0.9191907346	0.3942245924
2845	0.9192226231	0.3941841003
2846	0.9192394316	0.3941515505
2847	0.919251889	0.3941296853
2848	0.9192698896	0.3941040142
2849	0.9192828536	0.3940742302
2850	0.9193020463	0.3940463135
2851	0.9193238914	0.3940150403
2852	0.9193489254	0.3939760374
2853	0.9193606079	0.3939545976
2854	0.9193786681	0.3939254045
2855	0.9193929732	0.3938968732
2856	0.9194101393	0.3938748188
2857	0.9194352329	0.3938344685
2858	0.9194619358	0.3937940473
2859	0.9194722474	0.3937790135
2860	0.9194869399	0.3937360157
2861	0.9195117354	0.3936994238
2862	0.9195225835	0.3936791896
2863	0.9195379615	0.3936563315
2864	0.9195549488	0.3936309441
2865	0.9195763767	0.3936017747
2866	0.9196027517	0.3935677121
2867	0.9196231961	0.3935447358
2868	0.9196515083	0.3935036055
2869	0.9196729362	0.3934633261
2870	0.9196876585	0.3934445101
2871	0.919703126	0.3934226448
2872	0.9197253287	0.3933869276
2873	0.9197615981	0.3933401477
2874	0.9197800756	0.393312302
2875	0.9197930396	0.3932870565
2876	0.9198203683	0.3932519775
2877	0.9198339581	0.3932357144
2878	0.9198561311	0.3931969479
2879	0.9198747873	0.3931652019
2880	0.9199095964	0.3931144744
2881	0.9199316502	0.3930850922
2882	0.9199531376	0.3930596576
2883	0.9199585915	0.3930470821
2884	0.9199706316	0.3930271551
2885	0.9199928641	0.3929907051
2886	0.9200038612	0.3929713927
2887	0.9200219512	0.3929412778
2888	0.9200331867	0.3929193888
2889	0.9200693667	0.3928631301
2890	0.9200933576	0.392829233
2891	0.9201275706	0.3927840841
2892	0.920147717	0.3927395026
2893	0.9201758206	0.3927064801
2894	0.9201919436	0.3926832438
2895	0.9202075899	0.392655989
2896	0.9202282131	0.3926251176
2897	0.9202386141	0.3926094219
2898	0.9202679396	0.392578976
2899	0.9202953875	0.3925390512
2900	0.9203109741	0.3925111109
2901	0.9203398526	0.3924700987
2902	0.9203572869	0.3924431276
2903	0.9203737676	0.3924140527
2904	0.9203850627	0.3923931802
2905	0.9204038084	0.3923665164
2906	0.9204178452	0.3923424055
2907	0.9204309583	0.3923105885
2908	0.9204471409	0.3922798589
2909	0.920473516	0.3922447563
2910	0.9205067158	0.3921947144
2911	0.9205171764	0.3921722345
2912	0.9205289483	0.3921489509
2913	0.9205395281	0.3921294258
2914	0.9205652773	0.3920881773
2915	0.920587033	0.3920471887
2916	0.9205934405	0.3920228887
2917	0.9206095934	0.3919957994
2918	0.9206166863	0.3919723031
2919	0.9206379652	0.3919441501
2920	0.9206526279	0.391913255
2921	0.9206708968	0.3918928553
2922	0.920688659	0.391874323
2923	0.9207004011	0.3918489593
2924	0.9207134545	0.391828465
2925	0.9207387269	0.3917901476
2926	0.9207577705	0.391765233
2927	0.9207792282	0.3917340543
2928	0.9208117723	0.3917014336
2929	0.920835197	0.3916655746
2930	0.9208577573	0.3916371143
2931	0.9208822548	0.3916042336
2932	0.9209015667	0.3915767661
2933	0.9209234416	0.3915406706
2934	0.920940876	0.3915165361
2935	0.9209498763	0.3914933471
2936	0.9209567606	0.391469709
2937	0.9209853411	0.3914304696
2938	0.9209994972	0.3914123628
2939	0.9210087657	0.3914050586
2940	0.921030283	0.3913696723
2941	0.9210398793	0.3913588224
2942	0.9210507274	0.3913441195
2943	0.9210701883	0.3913123971
2944	0.921092838	0.3912773654
2945	0.9211066067	0.391250347
2946	0.9211211205	0.3912186955
2947	0.9211400747	0.3911913462
2948	0.9211578369	0.3911653679
2949	0.9211869538	0.3911298161
2950	0.9212059677	0.3911011667
2951	0.9212213755	0.3910686406
2952	0.9212374985	0.3910424023
2953	0.9212510288	0.3910198988
2954	0.9212632775	0.3909935422
2955	0.9212729037	0.3909792648
2956	0.9213027656	0.3909400491
2957	0.9213190973	0.3909050174
2958	0.921346277	0.3908683074
2959	0.9213609695	0.3908397052
2960	0.9213788509	0.3908098503
2961	0.9213966131	0.3907858103
2962	0.9214116931	0.390768318
2963	0.9214300811	0.3907399996
2964	0.9214535654	0.3907020131
2965	0.9214762151	0.3906644757
2966	0.9214917421	0.390638852
2967	0.9214963317	0.3906293494
2968	0.9215156436	0.390602662
2969	0.9215474725	0.3905525964
2970	0.9215672314	0.3905232851
2971	0.9216053188	0.3904812328
2972	0.9216267169	0.3904447119
2973	0.9216526747	0.3904080491
2974	0.9216649234	0.3903877203
2975	0.9216780365	0.3903652405
2976	0.9216966927	0.3903355746
2977	0.9217088223	0.3903097618
2978	0.9217317402	0.3902759829
2979	0.9217531979	0.3902510683
2980	0.9217778742	0.390223648
2981	0.921789974	0.3901955186
2982	0.9218055606	0.3901692567
2983	0.9218228161	0.3901476041
2984	0.9218392968	0.3901198529
2985	0.9218571782	0.3900946074
2986	0.9218837917	0.39005707
2987	0.9219093621	0.3900261041
2988	0.9219282866	0.3899858247
2989	0.9219489098	0.3899506039
2990	0.9219733775	0.389924791
2991	0.9219997525	0.3898768765
2992	0.9220181704	0.3898574696
2993	0.9220276475	0.3898380154
2994	0.922042042	0.3898157483
2995	0.9220608771	0.3897894154
2996	0.9220869243	0.3897512634
2997	0.9221015871	0.3897258051
2998	0.92212376	0.38969439
2999	0.9221648276	0.3896371621
3000	0.9221756756	0.3896171879
3001	0.9221982956	0.3895915405
3002	0.9222130775	0.3895682097
3003	0.922234863	0.3895262992
3004	0.9222527742	0.3894937731
3005	0.9222711027	0.3894690713
3006	0.9222933948	0.3894432584
3007	0.9223197401	0.3893864796
3008	0.9223424494	0.3893572392
3009	0.9223495126	0.3893476422
3010	0.9223749936	0.3893004132
3011	0.9223874211	0.3892769641
3012	0.9224019349	0.3892550043
3013	0.9224191606	0.3892329263
3014	0.9224382937	0.3892008493
3015	0.9224541187	0.389174351
3016	0.9224766791	0.3891506419
3017	0.9224873483	0.3891395083
3018	0.9224996865	0.3891079278
3019	0.9225100875	0.389091972
3020	0.9225269258	0.3890711468
3021	0.9225548804	0.3890346495
3022	0.9225757718	0.3890006106
3023	0.9225885272	0.388981771
3024	0.9226170182	0.3889351566
3025	0.9226307273	0.388916317
3026	0.9226412475	0.3888939553
3027	0.9226666093	0.3888547397
3028	0.9226763844	0.3888361601
3029	0.9226806164	0.3888188806
3030	0.9227045178	0.3887816269
3031	0.9227147996	0.3887547503
3032	0.9227467477	0.3887183712
3033	0.9227655232	0.3886869561
3034	0.9227734208	0.3886670765
3035	0.9227862954	0.3886467713
3036	0.9228029847	0.388625497
3037	0.9228092134	0.3886095176
3038	0.9228319526	0.388574084
3039	0.9228444993	0.3885473966
3040	0.9228692651	0.3885093155
3041	0.9228917956	0.3884775458
3042	0.9229094386	0.3884562006
3043	0.9229357541	0.3884236509
3044	0.9229526222	0.3883928031
3045	0.9229683578	0.3883711033
3046	0.9229935706	0.3883359297
3047	0.9230221808	0.3882948939
3048	0.9230293036	0.3882805929
3049	0.9230467677	0.3882480668
3050	0.9230728149	0.3882123023
3051	0.9230912328	0.3881840311
3052	0.9231137633	0.3881532069
3053	0.9231357276	0.3881168751
3054	0.9231504202	0.3880949153
3055	0.9231647253	0.3880563378
3056	0.9231834114	0.3880232917
3057	0.9231997728	0.3879927039
3058	0.9232135713	0.3879712169
3059	0.9232176542	0.3879594451
3060	0.9232310951	0.3879368943
3061	0.9232496619	0.3879011534
3062	0.9232674539	0.3878699984
3063	0.923273325	0.3878514897
3064	0.9233092964	0.3878063172
3065	0.9233374298	0.3877678107
3066	0.9233504534	0.3877460163
3067	0.9233592749	0.3877227564
3068	0.9233757257	0.3876998037
3069	0.9233762026	0.3876897103
3070	0.9234003127	0.38766203
3071	0.9234160483	0.3876374463
3072	0.9234293997	0.3876183231
3073	0.9234348536	0.3876017291
3074	0.9234572053	0.387569463
3075	0.9234766066	0.3875438393
3076	0.9234897196	0.3875144807
3077	0.9235076308	0.3874784089
3078	0.9235180914	0.3874577728
3079	0.9235237539	0.3874412261
3080	0.9235346615	0.3874049179
3081	0.9235426784	0.3873918461
3082	0.9235548377	0.3873725573
3083	0.9235765934	0.3873432697
3084	0.9235963523	0.3873112164
3085	0.9236117303	0.3872868218
3086	0.923627317	0.3872610562
3087	0.9236489236	0.387235527
3088	0.9236620367	0.3872116289
3089	0.9236924052	0.3871640217
3090	0.9237132668	0.387132772
3091	0.923730433	0.3871116868
3092	0.9237502217	0.3870797044
3093	0.9237764478	0.3870456418
3094	0.9237925112	0.3870221928
3095	0.9238070846	0.3870025495
3096	0.9238221645	0.3869746565
3097	0.9238346219	0.3869429105
3098	0.923841536	0.3869353936
3099	0.9238568246	0.3869149229
