iter	Passed	Remaining
0	105	2115265
1	189	1890158
2	270	1801375
3	357	1788460
4	443	1775012
5	542	1808816
6	636	1818805
7	735	1837677
8	826	1834931
9	907	1814369
10	992	1803493
11	1081	1801108
12	1168	1796338
13	1255	1792550
14	1341	1787169
15	1427	1783209
16	1515	1781010
17	1608	1785206
18	1692	1779545
19	1776	1774660
20	1866	1775711
21	1951	1771690
22	2027	1761147
23	2110	1756397
24	2183	1744988
25	2258	1735230
26	2336	1728669
27	2413	1721703
28	2488	1713888
29	2565	1707561
30	2638	1699811
31	2711	1692239
32	2790	1688421
33	2869	1685111
34	2942	1678680
35	3018	1673902
36	3096	1670443
37	3172	1666802
38	3247	1662215
39	3323	1658421
40	3397	1654026
41	3470	1649051
42	3543	1644500
43	3623	1643604
44	3702	1641885
45	3778	1638934
46	3854	1636338
47	3930	1633635
48	4004	1630465
49	4097	1634785
50	4187	1637819
51	4265	1636189
52	4346	1635978
53	4419	1632525
54	4494	1629792
55	4571	1627973
56	4646	1625807
57	4723	1624060
58	4795	1620788
59	4872	1619230
60	4948	1617616
61	5023	1615398
62	5103	1615006
63	5177	1612678
64	5252	1611025
65	5335	1611508
66	5415	1611172
67	5493	1610162
68	5566	1607804
69	5640	1605952
70	5723	1606394
71	5804	1606491
72	5887	1607147
73	5967	1606994
74	6040	1604812
75	6114	1603010
76	6185	1600564
77	6264	1599979
78	6339	1598581
79	6418	1598142
80	6488	1595724
81	6564	1594430
82	6642	1593932
83	6721	1593719
84	6805	1594485
85	6883	1593815
86	6958	1592721
87	7025	1589658
88	7103	1589097
89	7177	1587920
90	7247	1585714
91	7323	1584711
92	7395	1583001
93	7467	1581270
94	7535	1578894
95	7612	1578338
96	7688	1577476
97	7758	1575704
98	7833	1574705
99	7908	1573814
100	7980	1572230
101	8051	1570710
102	8126	1569810
103	8197	1568296
104	8266	1566312
105	8342	1565714
106	8416	1564771
107	8488	1563499
108	8565	1563168
109	8645	1563213
110	8713	1561288
111	8784	1559818
112	8858	1558960
113	8926	1557172
114	9002	1556705
115	9088	1557842
116	9173	1558918
117	9251	1558726
118	9328	1558527
119	9398	1557085
120	9473	1556444
121	9541	1554615
122	9612	1553333
123	9705	1555713
124	9789	1556504
125	9856	1554741
126	9925	1553164
127	9995	1551874
128	10065	1550410
129	10139	1549716
130	10210	1548601
131	10279	1547192
132	10347	1545674
133	10415	1544105
134	10483	1542693
135	10555	1541656
136	10623	1540248
137	10695	1539416
138	10767	1538526
139	10835	1537062
140	10903	1535651
141	10973	1534562
142	11047	1534067
143	11118	1533180
144	11189	1532214
145	11268	1532302
146	11335	1530971
147	11404	1529707
148	11475	1528820
149	11548	1528316
150	11617	1527074
151	11689	1526348
152	11758	1525294
153	11832	1524912
154	11902	1523943
155	11973	1523114
156	12047	1522654
157	12118	1521871
158	12190	1521190
159	12261	1520417
160	12334	1519947
161	12404	1519058
162	12476	1518432
163	12548	1517747
164	12626	1517821
165	12703	1517862
166	12782	1518014
167	12856	1517718
168	12933	1517675
169	13007	1517301
170	13085	1517327
171	13170	1518250
172	13244	1517967
173	13315	1517177
174	13403	1518469
175	13482	1518643
176	13558	1518467
177	13630	1517849
178	13705	1517631
179	13779	1517223
180	13847	1516242
181	13915	1515236
182	13994	1515481
183	14074	1515774
184	14148	1515452
185	14221	1515006
186	14376	1523254
187	14455	1523389
188	14530	1523039
189	14601	1522449
190	14674	1521947
191	14797	1526641
192	14877	1526838
193	14953	1526642
194	15030	1526560
195	15115	1527318
196	15209	1528908
197	15291	1529279
198	15412	1533586
199	15563	1540831
200	15706	1547174
201	15834	1551986
202	15919	1552521
203	16048	1557335
204	16137	1558277
205	16209	1557481
206	16280	1556701
207	16353	1556056
208	16426	1555444
209	16498	1554770
210	16571	1554184
211	16646	1553736
212	16720	1553290
213	16787	1552162
214	16860	1551563
215	16933	1550975
216	17014	1551174
217	17089	1550755
218	17164	1550328
219	17236	1549676
220	17305	1548831
221	17378	1548252
222	17450	1547650
223	17527	1547394
224	17591	1546085
225	17660	1545248
226	17738	1545162
227	17810	1544476
228	17879	1543666
229	17948	1542827
230	18017	1541928
231	18090	1541411
232	18168	1541333
233	18244	1541154
234	18312	1540237
235	18383	1539553
236	18450	1538588
237	18521	1537930
238	18590	1537104
239	18664	1536748
240	18737	1536266
241	18817	1536345
242	18887	1535653
243	18958	1535027
244	19039	1535202
245	19121	1535458
246	19191	1534759
247	19272	1534990
248	19343	1534355
249	19410	1533452
250	19479	1532705
251	19557	1532622
252	19628	1531994
253	19698	1531338
254	19775	1531261
255	19850	1530931
256	19919	1530253
257	19995	1530024
258	20064	1529300
259	20133	1528633
260	20208	1528340
261	20286	1528313
262	20362	1528087
263	20431	1527380
264	20505	1527068
265	20575	1526453
266	20644	1525769
267	20729	1526249
268	20798	1525584
269	20867	1524858
270	20943	1524712
271	21013	1524061
272	21088	1523829
273	21217	1527512
274	21303	1528022
275	21410	1530082
276	21509	1531511
277	21711	1540261
278	21800	1540934
279	21871	1540345
280	21942	1539795
281	22017	1539477
282	22083	1538610
283	22155	1538112
284	22225	1537477
285	22297	1536955
286	22366	1536276
287	22435	1535553
288	22501	1534702
289	22567	1533820
290	22637	1533185
291	22713	1532976
292	22787	1532681
293	22854	1531850
294	22921	1531073
295	22986	1530187
296	23055	1529485
297	23127	1529085
298	23200	1528667
299	23271	1528172
300	23337	1527329
301	23407	1526786
302	23477	1526185
303	23545	1525477
304	23616	1524980
305	23695	1525006
306	23768	1524643
307	23832	1523715
308	23919	1524278
309	23997	1524238
310	24070	1523873
311	24148	1523823
312	24216	1523194
313	24286	1522638
314	24354	1521984
315	24424	1521438
316	24492	1520789
317	24561	1520197
318	24634	1519844
319	24708	1519588
320	24781	1519218
321	24854	1518911
322	24928	1518618
323	24995	1517910
324	25068	1517598
325	25139	1517148
326	25212	1516819
327	25279	1516181
328	25347	1515539
329	25426	1515575
330	25495	1515031
331	25567	1514655
332	25638	1514240
333	25711	1513925
334	25782	1513492
335	25849	1512789
336	25919	1512329
337	25984	1511560
338	26052	1510968
339	26121	1510460
340	26191	1509941
341	26259	1509409
342	26331	1509026
343	26403	1508689
344	26479	1508562
345	26546	1507944
346	26617	1507522
347	26688	1507112
348	26762	1506929
349	26862	1508131
350	26951	1508762
351	27043	1509545
352	27128	1509886
353	27235	1511518
354	27333	1512599
355	27423	1513200
356	27489	1512552
357	27560	1512107
358	27630	1511664
359	27704	1511452
360	27777	1511124
361	27845	1510583
362	27921	1510478
363	27995	1510211
364	28065	1509760
365	28140	1509573
366	28207	1508968
367	28274	1508357
368	28341	1507783
369	28419	1507779
370	28488	1507302
371	28563	1507100
372	28635	1506786
373	28706	1506395
374	28772	1505756
375	28847	1505612
376	28932	1505961
377	29006	1505752
378	29078	1505391
379	29150	1505104
380	29224	1504871
381	29293	1504414
382	29369	1504267
383	29455	1504697
384	29539	1504978
385	29631	1505659
386	29711	1505742
387	29787	1505632
388	29880	1506394
389	29964	1506676
390	30042	1506669
391	30122	1506734
392	30200	1506738
393	30274	1506492
394	30341	1505947
395	30416	1505772
396	30488	1505474
397	30560	1505133
398	30639	1505179
399	30716	1505108
400	30786	1504690
401	30849	1503961
402	30921	1503660
403	30998	1503594
404	31064	1503006
405	31136	1502670
406	31210	1502462
407	31279	1502037
408	31348	1501561
409	31419	1501245
410	31487	1500764
411	31554	1500195
412	31630	1500120
413	31742	1501732
414	31862	1503677
415	31954	1504312
416	32034	1504385
417	32115	1504500
418	32192	1504424
419	32288	1505255
420	32419	1507690
421	32539	1509606
422	32641	1510701
423	32727	1511016
424	32873	1514101
425	32972	1515024
426	33048	1514886
427	33112	1514197
428	33185	1513930
429	33260	1513733
430	33331	1513386
431	33401	1512944
432	33472	1512593
433	33552	1512627
434	33621	1512202
435	33702	1512300
436	33779	1512201
437	33857	1512132
438	33931	1511937
439	34004	1511636
440	34077	1511386
441	34144	1510876
442	34215	1510503
443	34284	1510075
444	34350	1509483
445	34424	1509277
446	34492	1508804
447	34560	1508330
448	34632	1507996
449	34699	1507506
450	34771	1507217
451	34843	1506912
452	34911	1506428
453	34979	1505970
454	35049	1505604
455	35119	1505208
456	35188	1504777
457	35255	1504291
458	35328	1504019
459	35396	1503593
460	35464	1503116
461	35529	1502557
462	35601	1502275
463	35675	1502061
464	35745	1501682
465	35820	1501556
466	35890	1501179
467	35961	1500854
468	36033	1500585
469	36100	1500103
470	36176	1499990
471	36246	1499631
472	36319	1499373
473	36388	1499003
474	36459	1498661
475	36533	1498493
476	36605	1498213
477	36680	1498075
478	36754	1497891
479	36832	1497839
480	36909	1497769
481	36985	1497672
482	37059	1497475
483	37131	1497229
484	37207	1497127
485	37281	1496929
486	37350	1496549
487	37425	1496398
488	37502	1496344
489	37575	1496103
490	37643	1495683
491	37719	1495587
492	37791	1495340
493	37859	1494907
494	37940	1495014
495	38036	1495683
496	38121	1495947
497	38223	1496840
498	38307	1497071
499	38426	1498618
500	38518	1499133
501	38589	1498838
502	38675	1499108
503	38751	1499022
504	38829	1498990
505	38905	1498854
506	38974	1498482
507	39044	1498144
508	39123	1498140
509	39208	1498389
510	39287	1498372
511	39355	1497981
512	39430	1497820
513	39503	1497586
514	39576	1497364
515	39697	1498981
516	39821	1500674
517	39901	1500682
518	39983	1500817
519	40066	1500955
520	40142	1500834
521	40224	1500955
522	40324	1501719
523	40403	1501732
524	40486	1501854
525	40555	1501470
526	40626	1501189
527	40696	1500855
528	40795	1501578
529	40879	1501729
530	40954	1501580
531	41029	1501433
532	41112	1501557
533	41196	1501742
534	41268	1501482
535	41348	1501492
536	41445	1502154
537	41531	1502385
538	41600	1502003
539	41667	1501590
540	41743	1501443
541	41813	1501136
542	41881	1500703
543	41956	1500559
544	42022	1500103
545	42090	1499689
546	42164	1499492
547	42253	1499859
548	42345	1500284
549	42419	1500122
550	42497	1500071
551	42588	1500477
552	42655	1500054
553	42732	1499944
554	42808	1499837
555	42884	1499713
556	42961	1499635
557	43033	1499381
558	43103	1499064
559	43174	1498780
560	43249	1498606
561	43320	1498342
562	43393	1498129
563	43466	1497891
564	43537	1497606
565	43660	1499110
566	43751	1499503
567	43826	1499365
568	43905	1499339
569	43978	1499143
570	44050	1498882
571	44127	1498777
572	44199	1498539
573	44264	1498057
574	44341	1497979
575	44413	1497719
576	44488	1497583
577	44560	1497330
578	44632	1497082
579	44707	1496919
580	44788	1496967
581	44861	1496784
582	44931	1496462
583	45008	1496372
584	45078	1496058
585	45146	1495701
586	45216	1495386
587	45286	1495070
588	45354	1494688
589	45424	1494390
590	45495	1494118
591	45566	1493843
592	45635	1493501
593	45702	1493093
594	45771	1492772
595	45843	1492542
596	45911	1492175
597	45980	1491814
598	46053	1491617
599	46121	1491267
600	46193	1491038
601	46262	1490686
602	46331	1490367
603	46401	1490069
604	46471	1489783
605	46544	1489577
606	46614	1489288
607	46690	1489187
608	46760	1488895
609	46827	1488494
610	46894	1488126
611	46967	1487904
612	47033	1487505
613	47109	1487412
614	47179	1487113
615	47248	1486796
616	47314	1486395
617	47387	1486173
618	47463	1486100
619	47537	1485934
620	47607	1485653
621	47680	1485465
622	47757	1485377
623	47829	1485175
624	47902	1484971
625	47981	1484972
626	48068	1485215
627	48145	1485144
628	48221	1485041
629	48297	1484954
630	48381	1485114
631	48464	1485211
632	48543	1485206
633	48620	1485145
634	48706	1485341
635	48780	1485190
636	48853	1485007
637	48923	1484732
638	48994	1484472
639	49073	1484464
640	49163	1484805
641	49271	1485665
642	49345	1485504
643	49414	1485207
644	49530	1486304
645	49605	1486172
646	49691	1486376
647	49779	1486612
648	49857	1486579
649	49941	1486718
650	50016	1486601
651	50089	1486409
652	50157	1486048
653	50230	1485878
654	50326	1486350
655	50441	1487410
656	50514	1487227
657	50585	1486968
658	50658	1486768
659	50733	1486640
660	50801	1486303
661	50867	1485914
662	50943	1485799
663	51017	1485667
664	51101	1485783
665	51181	1485809
666	51267	1485978
667	51347	1485988
668	51429	1486061
669	51561	1487582
670	51665	1488302
671	51788	1489546
672	51868	1489542
673	51955	1489749
674	52095	1491468
675	52191	1491946
676	52263	1491706
677	52329	1491327
678	52399	1491043
679	52475	1490934
680	52544	1490613
681	52613	1490309
682	52687	1490136
683	52760	1489940
684	52827	1489582
685	52895	1489249
686	52966	1489010
687	53040	1488834
688	53110	1488552
689	53175	1488156
690	53251	1488035
691	53318	1487682
692	53385	1487322
693	53456	1487064
694	53524	1486747
695	53602	1486695
696	53674	1486479
697	53747	1486283
698	53821	1486138
699	53890	1485832
700	53959	1485551
701	54032	1485354
702	54105	1485156
703	54179	1485010
704	54250	1484762
705	54325	1484643
706	54397	1484415
707	54468	1484190
708	54540	1483977
709	54611	1483739
710	54681	1483480
711	54752	1483252
712	54824	1483026
713	54893	1482729
714	54961	1482432
715	55031	1482148
716	55100	1481863
717	55168	1481551
718	55240	1481339
719	55309	1481059
720	55377	1480744
721	55449	1480535
722	55516	1480200
723	55582	1479844
724	55656	1479705
725	55723	1479366
726	55787	1478951
727	55857	1478680
728	55932	1478553
729	56003	1478336
730	56076	1478154
731	56141	1477782
732	56213	1477585
733	56282	1477307
734	56350	1476999
735	56417	1476657
736	56486	1476389
737	56560	1476236
738	56628	1475931
739	56706	1475894
740	56777	1475668
741	56851	1475538
742	56919	1475226
743	56988	1474964
744	57060	1474769
745	57129	1474496
746	57203	1474337
747	57273	1474105
748	57339	1473755
749	57412	1473583
750	57489	1473526
751	57584	1473930
752	57663	1473905
753	57752	1474134
754	57834	1474214
755	57916	1474256
756	57992	1474184
757	58076	1474276
758	58160	1474385
759	58236	1474308
760	58314	1474270
761	58382	1473969
762	58450	1473664
763	58514	1473277
764	58598	1473397
765	58670	1473194
766	58742	1473016
767	58823	1473042
768	58903	1473043
769	58984	1473076
770	59055	1472862
771	59129	1472728
772	59206	1472657
773	59277	1472449
774	59349	1472243
775	59420	1472039
776	59493	1471874
777	59569	1471775
778	59643	1471641
779	59721	1471609
780	59794	1471432
781	59869	1471331
782	59947	1471278
783	60020	1471109
784	60089	1470865
785	60163	1470703
786	60234	1470491
787	60303	1470249
788	60375	1470048
789	60453	1470014
790	60524	1469810
791	60599	1469699
792	60672	1469530
793	60744	1469334
794	60820	1469244
795	60892	1469074
796	60971	1469054
797	61040	1468789
798	61113	1468641
799	61180	1468336
800	61253	1468175
801	61323	1467940
802	61394	1467731
803	61462	1467456
804	61533	1467260
805	61598	1466911
806	61670	1466714
807	61744	1466582
808	61811	1466294
809	61879	1466010
810	61950	1465808
811	62018	1465540
812	62091	1465381
813	62161	1465139
814	62230	1464887
815	62300	1464680
816	62373	1464512
817	62444	1464327
818	62516	1464131
819	62587	1463944
820	62656	1463694
821	62726	1463461
822	62796	1463235
823	62866	1463025
824	62936	1462798
825	63006	1462580
826	63079	1462431
827	63150	1462231
828	63222	1462043
829	63291	1461811
830	63360	1461567
831	63431	1461360
832	63510	1461343
833	63589	1461349
834	63662	1461181
835	63733	1460993
836	63801	1460730
837	63868	1460436
838	63938	1460227
839	64003	1459898
840	64077	1459763
841	64150	1459607
842	64219	1459364
843	64286	1459099
844	64358	1458929
845	64434	1458848
846	64508	1458704
847	64580	1458535
848	64654	1458417
849	64728	1458300
850	64803	1458188
851	64878	1458084
852	64952	1457976
853	65034	1458024
854	65118	1458131
855	65194	1458036
856	65269	1457941
857	65347	1457900
858	65449	1458399
859	65636	1460783
860	65721	1460917
861	65805	1460994
862	65879	1460885
863	65972	1461175
864	66049	1461109
865	66120	1460902
866	66189	1460670
867	66261	1460496
868	66367	1461083
869	66435	1460821
870	66511	1460734
871	66582	1460531
872	66647	1460214
873	66722	1460100
874	66788	1459797
875	66864	1459715
876	66930	1459422
877	67004	1459283
878	67081	1459231
879	67151	1459021
880	67222	1458820
881	67291	1458601
882	67358	1458313
883	67434	1458233
884	67515	1458268
885	67589	1458124
886	67655	1457825
887	67731	1457760
888	67806	1457653
889	67887	1457668
890	67962	1457563
891	68032	1457354
892	68102	1457159
893	68178	1457057
894	68258	1457076
895	68336	1457026
896	68419	1457089
897	68498	1457079
898	68566	1456838
899	68636	1456610
900	68709	1456473
901	68781	1456315
902	68853	1456144
903	68924	1455960
904	69000	1455865
905	69071	1455677
906	69137	1455386
907	69208	1455217
908	69277	1454969
909	69343	1454685
910	69406	1454342
911	69480	1454204
912	69556	1454136
913	69627	1453957
914	69706	1453925
915	69776	1453720
916	69849	1453589
917	69913	1453251
918	69988	1453160
919	70054	1452870
920	70121	1452600
921	70187	1452308
922	70258	1452131
923	70327	1451914
924	70399	1451744
925	70470	1451575
926	70542	1451407
927	70607	1451113
928	70677	1450895
929	70747	1450712
930	70811	1450388
931	70875	1450063
932	70942	1449806
933	71010	1449553
934	71079	1449330
935	71144	1449027
936	71211	1448779
937	71283	1448625
938	71352	1448409
939	71419	1448143
940	71491	1447983
941	71556	1447695
942	71621	1447392
943	71692	1447224
944	71763	1447048
945	71832	1446817
946	71901	1446603
947	71971	1446413
948	72037	1446133
949	72105	1445912
950	72176	1445724
951	72251	1445628
952	72316	1445345
953	72385	1445127
954	72451	1444850
955	72530	1444834
956	72595	1444545
957	72658	1444228
958	72731	1444084
959	72792	1443708
960	72862	1443532
961	72926	1443211
962	72996	1443032
963	73071	1442926
964	73138	1442685
965	73212	1442578
966	73277	1442288
967	73346	1442073
968	73428	1442128
969	73499	1441951
970	73568	1441743
971	73642	1441628
972	73710	1441413
973	73775	1441123
974	73844	1440918
975	73907	1440598
976	73982	1440496
977	74052	1440312
978	74126	1440204
979	74198	1440058
980	74268	1439865
981	74338	1439691
982	74403	1439397
983	74471	1439181
984	74541	1438990
985	74611	1438811
986	74677	1438551
987	74754	1438488
988	74826	1438342
989	74893	1438098
990	74962	1437895
991	75027	1437621
992	75095	1437405
993	75162	1437170
994	75236	1437060
995	75307	1436885
996	75378	1436733
997	75443	1436446
998	75516	1436330
999	75588	1436180
1000	75655	1435935
1001	75722	1435712
1002	75795	1435589
1003	75867	1435436
1004	75937	1435250
1005	76007	1435083
1006	76075	1434862
1007	76143	1434632
1008	76213	1434452
1009	76279	1434206
1010	76349	1434034
1011	76416	1433790
1012	76487	1433639
1013	76559	1433488
1014	76629	1433311
1015	76701	1433167
1016	76788	1433318
1017	76870	1433353
1018	76942	1433220
1019	77024	1433261
1020	77100	1433184
1021	77180	1433201
1022	77258	1433170
1023	77340	1433225
1024	77416	1433155
1025	77495	1433136
1026	77570	1433048
1027	77645	1432967
1028	77770	1433806
1029	77896	1434653
1030	78098	1436904
1031	78203	1437375
1032	78281	1437329
1033	78370	1437494
1034	78453	1437555
1035	78543	1437733
1036	78633	1437919
1037	78866	1440715
1038	78977	1441286
1039	79060	1441329
1040	79149	1441496
1041	79235	1441593
1042	79326	1441791
1043	79425	1442135
1044	79509	1442212
1045	79590	1442220
1046	79668	1442176
1047	79748	1442167
1048	79820	1442021
1049	79886	1441768
1050	79978	1441970
1051	80160	1443799
1052	80297	1444825
1053	80437	1445887
1054	80538	1446251
1055	80617	1446227
1056	80705	1446365
1057	80814	1446872
1058	80884	1446686
1059	80956	1446532
1060	81021	1446250
1061	81087	1445985
1062	81202	1446597
1063	81280	1446555
1064	81349	1446339
1065	81429	1446332
1066	81494	1446046
1067	81560	1445782
1068	81627	1445547
1069	81696	1445343
1070	81763	1445095
1071	81831	1444873
1072	81896	1444605
1073	81968	1444449
1074	82046	1444395
1075	82115	1444191
1076	82196	1444193
1077	82268	1444044
1078	82340	1443891
1079	82406	1443642
1080	82475	1443441
1081	82545	1443252
1082	82620	1443147
1083	82695	1443044
1084	82764	1442842
1085	82844	1442833
1086	82920	1442749
1087	83055	1443694
1088	83216	1445092
1089	83331	1445680
1090	83471	1446717
1091	83576	1447120
1092	83710	1448051
1093	83800	1448195
1094	83878	1448149
1095	83950	1447992
1096	84017	1447754
1097	84090	1447614
1098	84166	1447528
1099	84238	1447374
1100	84307	1447172
1101	84399	1447344
1102	84477	1447294
1103	84555	1447249
1104	84627	1447088
1105	84732	1447494
1106	84804	1447350
1107	84877	1447214
1108	84961	1447256
1109	85028	1447023
1110	85100	1446854
1111	85173	1446731
1112	85242	1446517
1113	85312	1446332
1114	85379	1446087
1115	85449	1445898
1116	85515	1445651
1117	85583	1445426
1118	85657	1445307
1119	85736	1445278
1120	85813	1445206
1121	85888	1445103
1122	85963	1444999
1123	86035	1444851
1124	86110	1444746
1125	86180	1444552
1126	86254	1444431
1127	86329	1444327
1128	86397	1444115
1129	86465	1443890
1130	86540	1443792
1131	86610	1443610
1132	86681	1443450
1133	86755	1443324
1134	86824	1443119
1135	86894	1442935
1136	86966	1442784
1137	87036	1442601
1138	87107	1442436
1139	87183	1442359
1140	87254	1442191
1141	87324	1442002
1142	87398	1441882
1143	87477	1441843
1144	87548	1441677
1145	87612	1441401
1146	87684	1441246
1147	87752	1441034
1148	87822	1440848
1149	87888	1440606
1150	87955	1440370
1151	88021	1440133
1152	88096	1440026
1153	88170	1439919
1154	88243	1439781
1155	88311	1439562
1156	88382	1439400
1157	88450	1439184
1158	88524	1439074
1159	88607	1439109
1160	88680	1438984
1161	88745	1438715
1162	88822	1438645
1163	88894	1438506
1164	88973	1438463
1165	89046	1438345
1166	89125	1438306
1167	89196	1438132
1168	89267	1437975
1169	89333	1437739
1170	89400	1437514
1171	89470	1437325
1172	89535	1437076
1173	89604	1436871
1174	89684	1436866
1175	89760	1436779
1176	89836	1436694
1177	89900	1436415
1178	89967	1436194
1179	90031	1435929
1180	90097	1435691
1181	90165	1435480
1182	90229	1435209
1183	90297	1435005
1184	90366	1434804
1185	90432	1434565
1186	90500	1434365
1187	90564	1434091
1188	90630	1433850
1189	90695	1433604
1190	90760	1433341
1191	90827	1433124
1192	90901	1433008
1193	90965	1432746
1194	91036	1432584
1195	91103	1432365
1196	91169	1432125
1197	91243	1432024
1198	91312	1431828
1199	91377	1431583
1200	91447	1431403
1201	91512	1431164
1202	91582	1430985
1203	91652	1430818
1204	91721	1430624
1205	91788	1430404
1206	91855	1430186
1207	91921	1429953
1208	91989	1429754
1209	92060	1429596
1210	92130	1429425
1211	92200	1429265
1212	92274	1429158
1213	92355	1429156
1214	92426	1428994
1215	92492	1428766
1216	92559	1428547
1217	92624	1428298
1218	92692	1428100
1219	92756	1427839
1220	92824	1427646
1221	92889	1427404
1222	92957	1427203
1223	93023	1426973
1224	93092	1426781
1225	93166	1426671
1226	93236	1426505
1227	93310	1426402
1228	93390	1426394
1229	93466	1426309
1230	93533	1426093
1231	93598	1425862
1232	93671	1425736
1233	93739	1425534
1234	93807	1425345
1235	93879	1425205
1236	93947	1425011
1237	94016	1424828
1238	94080	1424573
1239	94155	1424485
1240	94226	1424333
1241	94293	1424115
1242	94363	1423954
1243	94428	1423716
1244	94497	1423532
1245	94560	1423259
1246	94625	1423022
1247	94688	1422757
1248	94759	1422600
1249	94832	1422484
1250	94907	1422401
1251	94976	1422225
1252	95041	1421975
1253	95107	1421753
1254	95169	1421482
1255	95236	1421270
1256	95306	1421107
1257	95374	1420914
1258	95439	1420677
1259	95508	1420494
1260	95575	1420293
1261	95656	1420291
1262	95726	1420138
1263	95795	1419962
1264	95860	1419725
1265	95929	1419550
1266	95999	1419384
1267	96065	1419160
1268	96132	1418954
1269	96202	1418795
1270	96266	1418542
1271	96333	1418338
1272	96399	1418120
1273	96467	1417938
1274	96535	1417748
1275	96605	1417594
1276	96678	1417478
1277	96748	1417319
1278	96815	1417113
1279	96881	1416891
1280	96944	1416636
1281	97017	1416518
1282	97127	1416944
1283	97205	1416901
1284	97287	1416921
1285	97365	1416877
1286	97442	1416812
1287	97517	1416728
1288	97586	1416552
1289	97656	1416392
1290	97735	1416371
1291	97801	1416152
1292	97870	1415982
1293	97935	1415756
1294	98005	1415598
1295	98071	1415382
1296	98161	1415510
1297	98234	1415395
1298	98306	1415268
1299	98378	1415134
1300	98446	1414948
1301	98514	1414760
1302	98583	1414593
1303	98648	1414368
1304	98719	1414216
1305	98787	1414035
1306	98855	1413855
1307	98928	1413737
1308	98997	1413568
1309	99064	1413366
1310	99127	1413120
1311	99196	1412949
1312	99264	1412759
1313	99334	1412612
1314	99402	1412425
1315	99476	1412320
1316	99543	1412121
1317	99617	1412030
1318	99687	1411878
1319	99754	1411680
1320	99827	1411562
1321	99892	1411347
1322	99969	1411280
1323	100042	1411167
1324	100115	1411067
1325	100188	1410945
1326	100274	1411023
1327	100342	1410842
1328	100406	1410602
1329	100482	1410537
1330	100560	1410487
1331	100635	1410412
1332	100704	1410236
1333	100772	1410059
1334	100848	1409991
1335	100925	1409942
1336	101000	1409854
1337	101078	1409811
1338	101148	1409661
1339	101217	1409494
1340	101306	1409609
1341	101379	1409498
1342	101451	1409364
1343	101522	1409228
1344	101592	1409073
1345	101660	1408899
1346	101729	1408725
1347	101799	1408576
1348	101868	1408411
1349	101937	1408253
1350	102012	1408164
1351	102088	1408102
1352	102160	1407973
1353	102230	1407821
1354	102310	1407804
1355	102380	1407652
1356	102447	1407470
1357	102517	1407309
1358	102592	1407224
1359	102669	1407180
1360	102737	1407000
1361	102802	1406774
1362	102886	1406818
1363	102955	1406655
1364	103030	1406568
1365	103119	1406680
1366	103197	1406641
1367	103269	1406522
1368	103343	1406429
1369	103410	1406233
1370	103484	1406130
1371	103552	1405961
1372	103618	1405752
1373	103687	1405595
1374	103756	1405424
1375	103822	1405225
1376	103889	1405041
1377	103962	1404923
1378	104032	1404773
1379	104096	1404545
1380	104165	1404391
1381	104236	1404244
1382	104306	1404098
1383	104373	1403919
1384	104438	1403696
1385	104510	1403574
1386	104575	1403365
1387	104645	1403215
1388	104711	1403007
1389	104777	1402812
1390	104845	1402640
1391	104917	1402522
1392	104983	1402316
1393	105053	1402170
1394	105121	1401999
1395	105187	1401800
1396	105255	1401626
1397	105322	1401434
1398	105389	1401247
1399	105457	1401078
1400	105529	1400964
1401	105600	1400827
1402	105671	1400697
1403	105738	1400505
1404	105806	1400329
1405	105867	1400075
1406	105931	1399844
1407	105999	1399674
1408	106068	1399512
1409	106135	1399339
1410	106202	1399147
1411	106274	1399034
1412	106342	1398853
1413	106408	1398661
1414	106479	1398537
1415	106554	1398450
1416	106618	1398231
1417	106681	1397993
1418	106748	1397816
1419	106814	1397619
1420	106880	1397415
1421	106946	1397218
1422	107017	1397088
1423	107086	1396934
1424	107152	1396743
1425	107225	1396639
1426	107294	1396482
1427	107360	1396283
1428	107422	1396046
1429	107489	1395860
1430	107556	1395678
1431	107620	1395462
1432	107685	1395250
1433	107751	1395062
1434	107815	1394838
1435	107881	1394651
1436	107952	1394517
1437	108017	1394313
1438	108092	1394230
1439	108162	1394097
1440	108230	1393928
1441	108297	1393746
1442	108363	1393556
1443	108433	1393415
1444	108499	1393226
1445	108568	1393065
1446	108636	1392910
1447	108702	1392714
1448	108770	1392553
1449	108838	1392385
1450	108901	1392157
1451	108974	1392053
1452	109039	1391849
1453	109105	1391656
1454	109177	1391545
1455	109244	1391368
1456	109306	1391130
1457	109377	1390998
1458	109444	1390825
1459	109510	1390630
1460	109576	1390439
1461	109645	1390290
1462	109711	1390097
1463	109776	1389904
1464	109844	1389742
1465	109910	1389554
1466	109975	1389351
1467	110040	1389149
1468	110107	1388969
1469	110173	1388784
1470	110247	1388694
1471	110318	1388579
1472	110383	1388375
1473	110452	1388224
1474	110520	1388060
1475	110588	1387901
1476	110655	1387721
1477	110723	1387559
1478	110790	1387394
1479	110858	1387228
1480	110929	1387108
1481	111004	1387028
1482	111072	1386874
1483	111144	1386762
1484	111214	1386620
1485	111279	1386430
1486	111350	1386305
1487	111421	1386182
1488	111490	1386034
1489	111561	1385906
1490	111627	1385726
1491	111704	1385678
1492	111773	1385532
1493	111850	1385476
1494	111914	1385267
1495	111981	1385093
1496	112052	1384980
1497	112123	1384856
1498	112191	1384697
1499	112261	1384556
1500	112326	1384358
1501	112391	1384160
1502	112458	1383998
1503	112524	1383815
1504	112588	1383601
1505	112658	1383464
1506	112722	1383260
1507	112791	1383114
1508	112858	1382943
1509	112924	1382765
1510	112990	1382581
1511	113064	1382494
1512	113128	1382290
1513	113195	1382123
1514	113266	1382005
1515	113330	1381794
1516	113395	1381606
1517	113460	1381411
1518	113527	1381233
1519	113595	1381087
1520	113660	1380887
1521	113728	1380736
1522	113797	1380591
1523	113867	1380451
1524	113934	1380292
1525	114003	1380146
1526	114068	1379947
1527	114137	1379808
1528	114207	1379672
1529	114274	1379509
1530	114342	1379354
1531	114407	1379162
1532	114474	1378993
1533	114543	1378850
1534	114616	1378752
1535	114683	1378596
1536	114754	1378475
1537	114821	1378308
1538	114889	1378154
1539	114956	1377989
1540	115024	1377827
1541	115090	1377649
1542	115154	1377449
1543	115226	1377339
1544	115295	1377198
1545	115365	1377076
1546	115432	1376909
1547	115502	1376773
1548	115566	1376574
1549	115633	1376408
1550	115695	1376189
1551	115760	1376001
1552	115826	1375822
1553	115892	1375647
1554	115960	1375493
1555	116030	1375361
1556	116098	1375207
1557	116170	1375110
1558	116238	1374953
1559	116309	1374832
1560	116380	1374724
1561	116448	1374570
1562	116509	1374338
1563	116576	1374167
1564	116642	1373994
1565	116707	1373805
1566	116777	1373684
1567	116843	1373503
1568	116906	1373295
1569	116976	1373175
1570	117042	1372991
1571	117107	1372813
1572	117174	1372648
1573	117239	1372462
1574	117307	1372306
1575	117372	1372130
1576	117437	1371941
1577	117503	1371763
1578	117572	1371630
1579	117635	1371420
1580	117704	1371279
1581	117769	1371095
1582	117835	1370930
1583	117897	1370702
1584	117966	1370568
1585	118028	1370355
1586	118099	1370240
1587	118164	1370057
1588	118241	1370014
1589	118312	1369897
1590	118378	1369724
1591	118446	1369579
1592	118514	1369428
1593	118581	1369267
1594	118649	1369120
1595	118715	1368949
1596	118783	1368801
1597	118848	1368614
1598	118915	1368456
1599	118985	1368336
1600	119057	1368230
1601	119127	1368102
1602	119195	1367963
1603	119264	1367826
1604	119330	1367653
1605	119404	1367577
1606	119469	1367394
1607	119536	1367233
1608	119603	1367077
1609	119672	1366942
1610	119738	1366770
1611	119807	1366636
1612	119871	1366450
1613	119945	1366363
1614	120011	1366201
1615	120079	1366056
1616	120146	1365893
1617	120218	1365791
1618	120283	1365610
1619	120348	1365432
1620	120412	1365244
1621	120476	1365055
1622	120542	1364885
1623	120606	1364700
1624	120673	1364544
1625	120741	1364394
1626	120816	1364323
1627	120885	1364189
1628	120952	1364036
1629	121026	1363958
1630	121094	1363819
1631	121156	1363603
1632	121227	1363498
1633	121293	1363326
1634	121360	1363173
1635	121429	1363037
1636	121497	1362892
1637	121562	1362715
1638	121631	1362581
1639	121700	1362447
1640	121767	1362297
1641	121833	1362135
1642	121898	1361949
1643	121966	1361806
1644	122033	1361660
1645	122095	1361450
1646	122162	1361295
1647	122227	1361114
1648	122294	1360965
1649	122361	1360810
1650	122427	1360640
1651	122491	1360455
1652	122556	1360278
1653	122625	1360148
1654	122695	1360032
1655	122764	1359894
1656	122831	1359749
1657	122896	1359570
1658	122965	1359436
1659	123035	1359320
1660	123102	1359171
1661	123170	1359020
1662	123236	1358862
1663	123304	1358723
1664	123373	1358592
1665	123442	1358458
1666	123508	1358292
1667	123573	1358128
1668	123640	1357970
1669	123704	1357785
1670	123766	1357581
1671	123836	1357463
1672	123903	1357313
1673	123968	1357132
1674	124037	1357012
1675	124103	1356849
1676	124169	1356686
1677	124235	1356521
1678	124302	1356368
1679	124374	1356271
1680	124442	1356132
1681	124507	1355958
1682	124574	1355810
1683	124645	1355708
1684	124716	1355596
1685	124781	1355428
1686	124850	1355296
1687	124921	1355185
1688	124988	1355036
1689	125049	1354826
1690	125119	1354709
1691	125185	1354548
1692	125252	1354403
1693	125321	1354270
1694	125388	1354117
1695	125460	1354031
1696	125531	1353921
1697	125603	1353827
1698	125673	1353706
1699	125739	1353543
1700	125804	1353381
1701	125869	1353204
1702	125935	1353047
1703	126000	1352883
1704	126067	1352734
1705	126137	1352612
1706	126201	1352432
1707	126272	1352326
1708	126339	1352177
1709	126407	1352038
1710	126475	1351906
1711	126538	1351718
1712	126607	1351589
1713	126678	1351481
1714	126749	1351376
1715	126823	1351307
1716	126893	1351194
1717	126960	1351041
1718	127023	1350851
1719	127088	1350686
1720	127153	1350517
1721	127223	1350400
1722	127286	1350215
1723	127351	1350045
1724	127422	1349942
1725	127488	1349786
1726	127552	1349607
1727	127618	1349449
1728	127687	1349319
1729	127753	1349166
1730	127817	1348984
1731	127883	1348828
1732	127949	1348674
1733	128022	1348587
1734	128088	1348437
1735	128159	1348327
1736	128232	1348253
1737	128301	1348129
1738	128369	1347987
1739	128439	1347872
1740	128504	1347709
1741	128568	1347531
1742	128639	1347428
1743	128711	1347333
1744	128781	1347222
1745	128851	1347114
1746	128918	1346961
1747	128984	1346806
1748	129051	1346662
1749	129121	1346548
1750	129187	1346397
1751	129253	1346247
1752	129316	1346060
1753	129388	1345965
1754	129453	1345804
1755	129522	1345674
1756	129590	1345541
1757	129655	1345378
1758	129721	1345223
1759	129790	1345097
1760	129855	1344941
1761	129923	1344809
1762	129993	1344696
1763	130060	1344544
1764	130131	1344445
1765	130200	1344327
1766	130270	1344213
1767	130341	1344110
1768	130412	1344006
1769	130475	1343826
1770	130541	1343673
1771	130609	1343539
1772	130678	1343416
1773	130741	1343237
1774	130810	1343110
1775	130883	1343028
1776	130948	1342869
1777	131016	1342739
1778	131086	1342625
1779	131152	1342475
1780	131217	1342311
1781	131287	1342193
1782	131357	1342084
1783	131426	1341967
1784	131493	1341820
1785	131557	1341646
1786	131621	1341480
1787	131685	1341310
1788	131751	1341153
1789	131821	1341041
1790	131886	1340879
1791	131946	1340672
1792	132013	1340533
1793	132079	1340378
1794	132149	1340268
1795	132216	1340123
1796	132282	1339974
1797	132346	1339807
1798	132415	1339689
1799	132485	1339578
1800	132552	1339437
1801	132619	1339294
1802	132684	1339130
1803	132750	1338984
1804	132816	1338830
1805	132885	1338718
1806	132958	1338639
1807	133029	1338535
1808	133096	1338395
1809	133167	1338292
1810	133237	1338190
1811	133302	1338031
1812	133374	1337939
1813	133443	1337822
1814	133516	1337738
1815	133581	1337584
1816	133650	1337465
1817	133721	1337357
1818	133792	1337261
1819	133860	1337135
1820	133923	1336956
1821	133991	1336830
1822	134060	1336708
1823	134124	1336540
1824	134189	1336375
1825	134260	1336277
1826	134326	1336136
1827	134395	1336017
1828	134461	1335870
1829	134524	1335684
1830	134590	1335535
1831	134658	1335408
1832	134727	1335290
1833	134793	1335148
1834	134861	1335020
1835	134927	1334872
1836	134993	1334720
1837	135060	1334587
1838	135127	1334444
1839	135194	1334312
1840	135262	1334180
1841	135327	1334025
1842	135393	1333879
1843	135456	1333707
1844	135525	1333590
1845	135594	1333472
1846	135663	1333355
1847	135729	1333209
1848	135804	1333144
1849	135874	1333036
1850	135939	1332878
1851	136004	1332724
1852	136072	1332596
1853	136139	1332459
1854	136210	1332370
1855	136278	1332239
1856	136345	1332104
1857	136411	1331953
1858	136479	1331833
1859	136546	1331696
1860	136615	1331577
1861	136699	1331612
1862	136776	1331566
1863	136844	1331445
1864	136913	1331326
1865	136982	1331209
1866	137045	1331032
1867	137108	1330864
1868	137170	1330678
1869	137238	1330555
1870	137304	1330411
1871	137371	1330270
1872	137436	1330123
1873	137501	1329967
1874	137570	1329844
1875	137635	1329694
1876	137696	1329500
1877	137760	1329338
1878	137824	1329177
1879	137895	1329076
1880	137968	1329000
1881	138035	1328867
1882	138106	1328771
1883	138172	1328626
1884	138237	1328477
1885	138305	1328347
1886	138375	1328243
1887	138446	1328148
1888	138509	1327979
1889	138578	1327858
1890	138641	1327692
1891	138708	1327558
1892	138776	1327426
1893	138845	1327312
1894	138912	1327182
1895	138980	1327054
1896	139042	1326874
1897	139112	1326770
1898	139180	1326650
1899	139248	1326522
1900	139315	1326390
1901	139388	1326319
1902	139457	1326198
1903	139521	1326036
1904	139586	1325893
1905	139655	1325776
1906	139721	1325631
1907	139786	1325484
1908	139856	1325377
1909	139918	1325197
1910	139984	1325056
1911	140048	1324891
1912	140116	1324770
1913	140181	1324618
1914	140244	1324453
1915	140314	1324342
1916	140382	1324219
1917	140447	1324076
1918	140517	1323969
1919	140582	1323821
1920	140647	1323667
1921	140714	1323539
1922	140780	1323394
1923	140849	1323278
1924	140916	1323149
1925	140981	1322999
1926	141045	1322841
1927	141112	1322710
1928	141181	1322593
1929	141244	1322426
1930	141313	1322313
1931	141378	1322163
1932	141441	1322000
1933	141512	1321902
1934	141580	1321781
1935	141647	1321651
1936	141713	1321516
1937	141783	1321411
1938	141854	1321313
1939	141920	1321180
1940	141986	1321037
1941	142054	1320921
1942	142122	1320795
1943	142187	1320643
1944	142253	1320511
1945	142320	1320373
1946	142384	1320215
1947	142454	1320113
1948	142522	1319999
1949	142590	1319876
1950	142656	1319733
1951	142721	1319585
1952	142784	1319420
1953	142851	1319296
1954	142921	1319186
1955	142988	1319062
1956	143059	1318966
1957	143126	1318838
1958	143192	1318698
1959	143259	1318570
1960	143323	1318415
1961	143389	1318275
1962	143457	1318153
1963	143528	1318062
1964	143593	1317914
1965	143658	1317766
1966	143731	1317696
1967	143797	1317561
1968	143867	1317458
1969	143936	1317346
1970	144008	1317267
1971	144078	1317162
1972	144148	1317058
1973	144214	1316928
1974	144287	1316847
1975	144356	1316743
1976	144428	1316654
1977	144498	1316556
1978	144569	1316464
1979	144644	1316409
1980	144714	1316307
1981	144783	1316203
1982	144852	1316093
1983	144917	1315947
1984	144983	1315805
1985	145049	1315672
1986	145118	1315560
1987	145184	1315423
1988	145252	1315304
1989	145322	1315206
1990	145389	1315079
1991	145461	1314999
1992	145530	1314888
1993	145600	1314783
1994	145670	1314681
1995	145735	1314541
1996	145804	1314429
1997	145868	1314280
1998	145938	1314173
1999	146011	1314101
2000	146075	1313950
2001	146142	1313825
2002	146211	1313709
2003	146273	1313537
2004	146336	1313382
2005	146401	1313234
2006	146468	1313110
2007	146540	1313030
2008	146611	1312934
2009	146680	1312830
2010	146749	1312716
2011	146821	1312635
2012	146886	1312490
2013	146957	1312398
2014	147030	1312328
2015	147095	1312189
2016	147167	1312102
2017	147235	1311987
2018	147306	1311895
2019	147371	1311748
2020	147439	1311639
2021	147503	1311486
2022	147568	1311341
2023	147638	1311236
2024	147707	1311131
2025	147777	1311030
2026	147850	1310957
2027	147923	1310884
2028	147988	1310743
2029	148064	1310695
2030	148133	1310592
2031	148210	1310553
2032	148279	1310442
2033	148349	1310349
2034	148418	1310239
2035	148487	1310132
2036	148556	1310025
2037	148634	1309994
2038	148702	1309877
2039	148767	1309737
2040	148853	1309782
2041	148934	1309777
2042	149018	1309806
2043	149134	1310106
2044	149237	1310296
2045	149310	1310224
2046	149384	1310156
2047	149452	1310046
2048	149519	1309918
2049	149589	1309817
2050	149660	1309726
2051	149727	1309606
2052	149795	1309489
2053	149866	1309396
2054	149933	1309270
2055	150000	1309149
2056	150064	1308994
2057	150134	1308898
2058	150201	1308769
2059	150267	1308638
2060	150332	1308497
2061	150400	1308386
2062	150464	1308234
2063	150532	1308118
2064	150594	1307950
2065	150667	1307874
2066	150731	1307726
2067	150799	1307610
2068	150870	1307518
2069	150941	1307428
2070	151007	1307300
2071	151068	1307120
2072	151138	1307025
2073	151210	1306938
2074	151275	1306805
2075	151346	1306710
2076	151410	1306565
2077	151473	1306403
2078	151535	1306240
2079	151600	1306093
2080	151663	1305936
2081	151731	1305820
2082	151800	1305717
2083	151870	1305620
2084	151935	1305478
2085	152028	1305576
2086	152109	1305577
2087	152207	1305722
2088	152289	1305725
2089	152357	1305605
2090	152424	1305486
2091	152493	1305382
2092	152561	1305262
2093	152629	1305149
2094	152697	1305032
2095	152767	1304939
2096	152842	1304881
2097	152914	1304798
2098	152984	1304702
2099	153049	1304568
2100	153118	1304457
2101	153181	1304302
2102	153257	1304251
2103	153321	1304110
2104	153388	1303980
2105	153461	1303914
2106	153530	1303810
2107	153599	1303702
2108	153666	1303578
2109	153743	1303538
2110	153819	1303492
2111	153886	1303373
2112	153953	1303251
2113	154021	1303134
2114	154088	1303010
2115	154154	1302880
2116	154223	1302777
2117	154292	1302673
2118	154358	1302544
2119	154426	1302424
2120	154494	1302315
2121	154569	1302259
2122	154639	1302164
2123	154705	1302035
2124	154772	1301909
2125	154840	1301794
2126	154909	1301693
2127	154975	1301562
2128	155043	1301443
2129	155106	1301291
2130	155176	1301199
2131	155247	1301105
2132	155312	1300971
2133	155382	1300872
2134	155447	1300736
2135	155523	1300689
2136	155599	1300639
2137	155665	1300514
2138	155732	1300395
2139	155797	1300256
2140	155868	1300164
2141	155939	1300074
2142	156015	1300028
2143	156096	1300025
2144	156173	1299986
2145	156247	1299925
2146	156317	1299829
2147	156388	1299741
2148	156462	1299680
2149	156535	1299605
2150	156606	1299520
2151	156672	1299395
2152	156741	1299284
2153	156813	1299207
2154	156881	1299096
2155	156948	1298971
2156	157019	1298883
2157	157086	1298764
2158	157155	1298658
2159	157232	1298627
2160	157318	1298656
2161	157399	1298658
2162	157479	1298641
2163	157566	1298683
2164	157651	1298713
2165	157762	1298952
2166	157884	1299285
2167	157959	1299233
2168	158044	1299257
2169	158138	1299360
2170	158223	1299389
2171	158314	1299460
2172	158398	1299482
2173	158474	1299430
2174	158545	1299341
2175	158621	1299298
2176	158705	1299317
2177	158789	1299330
2178	158875	1299365
2179	158953	1299333
2180	159031	1299305
2181	159105	1299239
2182	159177	1299159
2183	159248	1299067
2184	159319	1298986
2185	159389	1298886
2186	159462	1298817
2187	159534	1298734
2188	159606	1298651
2189	159677	1298568
2190	159754	1298526
2191	159830	1298474
2192	159906	1298426
2193	159978	1298351
2194	160057	1298321
2195	160135	1298296
2196	160218	1298305
2197	160294	1298253
2198	160366	1298173
2199	160436	1298076
2200	160505	1297973
2201	160577	1297895
2202	160649	1297815
2203	160715	1297684
2204	160788	1297613
2205	160857	1297509
2206	160931	1297442
2207	161001	1297343
2208	161070	1297242
2209	161141	1297152
2210	161212	1297065
2211	161285	1296992
2212	161353	1296882
2213	161424	1296792
2214	161494	1296696
2215	161568	1296632
2216	161640	1296550
2217	161712	1296468
2218	161798	1296498
2219	161873	1296446
2220	161946	1296370
2221	162017	1296285
2222	162090	1296216
2223	162163	1296138
2224	162235	1296060
2225	162306	1295976
2226	162378	1295889
2227	162448	1295792
2228	162524	1295748
2229	162598	1295685
2230	162688	1295745
2231	162763	1295688
2232	162844	1295681
2233	162934	1295747
2234	163012	1295714
2235	163097	1295734
2236	163179	1295734
2237	163254	1295673
2238	163337	1295684
2239	163419	1295682
2240	163502	1295691
2241	163583	1295681
2242	163656	1295609
2243	163725	1295506
2244	163799	1295435
2245	163874	1295382
2246	163949	1295323
2247	164019	1295225
2248	164090	1295143
2249	164165	1295083
2250	164237	1295005
2251	164309	1294925
2252	164380	1294834
2253	164451	1294745
2254	164522	1294656
2255	164588	1294528
2256	164657	1294422
2257	164721	1294285
2258	164791	1294186
2259	164860	1294085
2260	164934	1294017
2261	165002	1293908
2262	165074	1293821
2263	165145	1293740
2264	165217	1293658
2265	165294	1293613
2266	165362	1293502
2267	165435	1293427
2268	165513	1293396
2269	165586	1293323
2270	165654	1293217
2271	165722	1293101
2272	165790	1292988
2273	165859	1292890
2274	165929	1292793
2275	166002	1292722
2276	166072	1292623
2277	166151	1292594
2278	166227	1292546
2279	166299	1292468
2280	166372	1292392
2281	166438	1292269
2282	166507	1292168
2283	166572	1292032
2284	166641	1291926
2285	166709	1291813
2286	166775	1291693
2287	166848	1291621
2288	166922	1291550
2289	166991	1291451
2290	167067	1291402
2291	167138	1291314
2292	167206	1291201
2293	167273	1291085
2294	167337	1290941
2295	167402	1290807
2296	167471	1290702
2297	167540	1290598
2298	167610	1290506
2299	167704	1290594
2300	167776	1290518
2301	167847	1290424
2302	167916	1290323
2303	167982	1290195
2304	168050	1290090
2305	168121	1290000
2306	168186	1289868
2307	168255	1289761
2308	168317	1289609
2309	168382	1289478
2310	168451	1289370
2311	168518	1289250
2312	168584	1289124
2313	168650	1289006
2314	168716	1288875
2315	168785	1288773
2316	168856	1288687
2317	168924	1288580
2318	168993	1288472
2319	169060	1288360
2320	169126	1288234
2321	169196	1288135
2322	169264	1288026
2323	169330	1287905
2324	169401	1287814
2325	169469	1287707
2326	169534	1287569
2327	169605	1287485
2328	169676	1287397
2329	169745	1287299
2330	169823	1287262
2331	169907	1287274
2332	169992	1287297
2333	170072	1287275
2334	170149	1287235
2335	170214	1287101
2336	170286	1287024
2337	170353	1286904
2338	170424	1286818
2339	170494	1286724
2340	170561	1286606
2341	170627	1286481
2342	170696	1286379
2343	170763	1286261
2344	170832	1286157
2345	170899	1286044
2346	170965	1285923
2347	171032	1285804
2348	171098	1285681
2349	171165	1285563
2350	171238	1285491
2351	171310	1285409
2352	171375	1285278
2353	171441	1285158
2354	171510	1285050
2355	171580	1284961
2356	171644	1284820
2357	171716	1284740
2358	171783	1284627
2359	171851	1284517
2360	171918	1284399
2361	171986	1284295
2362	172055	1284190
2363	172125	1284098
2364	172193	1283991
2365	172258	1283856
2366	172327	1283758
2367	172398	1283666
2368	172468	1283573
2369	172531	1283431
2370	172596	1283297
2371	172668	1283217
2372	172733	1283088
2373	172803	1283000
2374	172867	1282860
2375	172939	1282779
2376	173004	1282652
2377	173072	1282543
2378	173146	1282475
2379	173213	1282365
2380	173281	1282256
2381	173351	1282157
2382	173418	1282047
2383	173486	1281935
2384	173555	1281838
2385	173623	1281725
2386	173690	1281611
2387	173757	1281499
2388	173820	1281353
2389	173884	1281216
2390	173950	1281094
2391	174016	1280969
2392	174085	1280871
2393	174151	1280745
2394	174223	1280667
2395	174288	1280543
2396	174359	1280451
2397	174422	1280311
2398	174490	1280202
2399	174556	1280081
2400	174621	1279950
2401	174693	1279874
2402	174761	1279766
2403	174828	1279651
2404	174895	1279538
2405	174959	1279397
2406	175028	1279300
2407	175097	1279203
2408	175166	1279103
2409	175234	1278996
2410	175302	1278889
2411	175366	1278751
2412	175430	1278613
2413	175499	1278517
2414	175566	1278397
2415	175629	1278260
2416	175697	1278153
2417	175764	1278036
2418	175831	1277922
2419	175897	1277797
2420	175966	1277699
2421	176034	1277593
2422	176101	1277482
2423	176167	1277362
2424	176247	1277337
2425	176319	1277263
2426	176392	1277193
2427	176464	1277115
2428	176533	1277017
2429	176602	1276913
2430	176674	1276839
2431	176741	1276726
2432	176812	1276637
2433	176887	1276580
2434	176957	1276490
2435	177036	1276467
2436	177107	1276381
2437	177182	1276325
2438	177252	1276233
2439	177321	1276134
2440	177392	1276046
2441	177461	1275947
2442	177527	1275826
2443	177598	1275741
2444	177665	1275628
2445	177731	1275513
2446	177800	1275414
2447	177871	1275324
2448	177939	1275220
2449	178004	1275090
2450	178072	1274987
2451	178138	1274868
2452	178210	1274786
2453	178278	1274683
2454	178348	1274593
2455	178412	1274454
2456	178476	1274321
2457	178547	1274239
2458	178614	1274127
2459	178685	1274038
2460	178753	1273937
2461	178817	1273801
2462	178884	1273692
2463	178953	1273594
2464	179021	1273485
2465	179087	1273369
2466	179159	1273285
2467	179227	1273183
2468	179295	1273079
2469	179364	1272977
2470	179429	1272855
2471	179494	1272724
2472	179559	1272599
2473	179625	1272481
2474	179689	1272349
2475	179758	1272251
2476	179824	1272129
2477	179893	1272028
2478	179962	1271933
2479	180057	1272022
2480	180147	1272071
2481	180221	1272005
2482	180292	1271922
2483	180365	1271849
2484	180437	1271774
2485	180508	1271692
2486	180583	1271636
2487	180653	1271545
2488	180719	1271428
2489	180791	1271350
2490	180859	1271247
2491	180926	1271134
2492	180994	1271028
2493	181073	1271001
2494	181144	1270914
2495	181216	1270840
2496	181291	1270783
2497	181354	1270640
2498	181416	1270498
2499	181488	1270417
2500	181555	1270308
2501	181626	1270223
2502	181694	1270119
2503	181769	1270061
2504	181835	1269943
2505	181903	1269843
2506	181975	1269765
2507	182043	1269659
2508	182113	1269567
2509	182181	1269466
2510	182250	1269367
2511	182316	1269246
2512	182379	1269106
2513	182448	1269012
2514	182514	1268894
2515	182578	1268762
2516	182643	1268635
2517	182712	1268540
2518	182785	1268470
2519	182853	1268362
2520	182922	1268270
2521	182992	1268176
2522	183095	1268317
2523	183170	1268262
2524	183244	1268194
2525	183309	1268071
2526	183380	1267991
2527	183445	1267865
2528	183514	1267765
2529	183583	1267667
2530	183655	1267594
2531	183728	1267520
2532	183801	1267450
2533	183871	1267366
2534	183938	1267250
2535	184003	1267130
2536	184072	1267033
2537	184148	1266985
2538	184219	1266900
2539	184287	1266793
2540	184350	1266656
2541	184415	1266534
2542	184491	1266486
2543	184564	1266413
2544	184636	1266337
2545	184746	1266523
2546	184817	1266437
2547	184882	1266314
2548	184957	1266258
2549	185041	1266261
2550	185118	1266224
2551	185191	1266151
2552	185256	1266026
2553	185328	1265952
2554	185402	1265886
2555	185473	1265803
2556	185543	1265719
2557	185616	1265643
2558	185686	1265555
2559	185755	1265461
2560	185823	1265355
2561	185924	1265473
2562	185994	1265385
2563	186066	1265313
2564	186147	1265293
2565	186224	1265253
2566	186303	1265220
2567	186384	1265207
2568	186462	1265172
2569	186532	1265082
2570	186599	1264968
2571	186662	1264832
2572	186735	1264766
2573	186808	1264696
2574	186897	1264732
2575	186979	1264721
2576	187049	1264631
2577	187117	1264532
2578	187197	1264507
2579	187269	1264433
2580	187343	1264370
2581	187411	1264262
2582	187484	1264193
2583	187554	1264103
2584	187620	1263988
2585	187685	1263866
2586	187757	1263785
2587	187829	1263710
2588	187896	1263600
2589	187967	1263520
2590	188036	1263425
2591	188102	1263308
2592	188178	1263259
2593	188247	1263159
2594	188329	1263150
2595	188395	1263030
2596	188460	1262911
2597	188524	1262781
2598	188593	1262683
2599	188661	1262577
2600	188727	1262467
2601	188796	1262364
2602	188865	1262268
2603	188934	1262178
2604	189006	1262097
2605	189073	1261992
2606	189148	1261933
2607	189223	1261878
2608	189289	1261763
2609	189360	1261675
2610	189431	1261593
2611	189502	1261509
2612	189569	1261402
2613	189639	1261315
2614	189707	1261207
2615	189776	1261116
2616	189851	1261057
2617	189922	1260975
2618	189997	1260915
2619	190065	1260814
2620	190133	1260716
2621	190204	1260630
2622	190272	1260528
2623	190336	1260399
2624	190404	1260295
2625	190469	1260177
2626	190536	1260066
2627	190607	1259980
2628	190675	1259878
2629	190742	1259773
2630	190812	1259679
2631	190882	1259591
2632	190946	1259462
2633	191010	1259336
2634	191074	1259204
2635	191147	1259139
2636	191216	1259042
2637	191282	1258923
2638	191348	1258810
2639	191421	1258741
2640	191487	1258622
2641	191555	1258524
2642	191627	1258445
2643	191698	1258367
2644	191769	1258282
2645	191835	1258170
2646	191909	1258107
2647	191982	1258035
2648	192053	1257952
2649	192120	1257844
2650	192190	1257758
2651	192261	1257675
2652	192327	1257559
2653	192394	1257449
2654	192465	1257366
2655	192533	1257267
2656	192601	1257162
2657	192675	1257100
2658	192743	1256999
2659	192807	1256872
2660	192877	1256781
2661	192944	1256678
2662	193014	1256589
2663	193082	1256487
2664	193153	1256402
2665	193222	1256306
2666	193289	1256201
2667	193357	1256096
2668	193422	1255980
2669	193490	1255879
2670	193559	1255779
2671	193626	1255672
2672	193698	1255599
2673	193765	1255490
2674	193830	1255367
2675	193899	1255272
2676	193967	1255174
2677	194037	1255085
2678	194107	1254994
2679	194176	1254902
2680	194243	1254791
2681	194312	1254697
2682	194377	1254579
2683	194448	1254497
2684	194514	1254384
2685	194585	1254301
2686	194658	1254229
2687	194728	1254144
2688	194796	1254040
2689	194865	1253947
2690	194929	1253821
2691	194996	1253715
2692	195068	1253636
2693	195139	1253558
2694	195202	1253425
2695	195272	1253338
2696	195344	1253263
2697	195411	1253154
2698	195480	1253062
2699	195549	1252967
2700	195619	1252878
2701	195687	1252779
2702	195761	1252712
2703	195830	1252622
2704	195898	1252520
2705	195969	1252435
2706	196034	1252319
2707	196103	1252226
2708	196175	1252150
2709	196246	1252069
2710	196317	1251986
2711	196385	1251883
2712	196452	1251776
2713	196518	1251662
2714	196587	1251570
2715	196657	1251481
2716	196733	1251433
2717	196808	1251380
2718	196879	1251294
2719	196952	1251224
2720	197025	1251160
2721	197096	1251079
2722	197166	1250989
2723	197234	1250888
2724	197298	1250766
2725	197363	1250646
2726	197436	1250574
2727	197503	1250468
2728	197571	1250368
2729	197642	1250288
2730	197710	1250190
2731	197783	1250118
2732	197859	1250069
2733	197930	1249988
2734	197997	1249881
2735	198065	1249783
2736	198139	1249716
2737	198211	1249646
2738	198277	1249529
2739	198340	1249403
2740	198406	1249290
2741	198470	1249163
2742	198539	1249068
2743	198609	1248979
2744	198675	1248869
2745	198744	1248777
2746	198814	1248690
2747	198921	1248831
2748	199019	1248919
2749	199092	1248854
2750	199169	1248811
2751	199246	1248762
2752	199316	1248677
2753	199389	1248607
2754	199455	1248498
2755	199527	1248421
2756	199598	1248343
2757	199765	1248857
2758	199849	1248857
2759	199929	1248833
2760	200006	1248791
2761	200082	1248738
2762	200153	1248661
2763	200234	1248640
2764	200309	1248583
2765	200381	1248511
2766	200458	1248467
2767	200528	1248378
2768	200601	1248310
2769	200671	1248219
2770	200743	1248145
2771	200811	1248043
2772	200877	1247935
2773	200949	1247854
2774	201014	1247741
2775	201085	1247659
2776	201151	1247544
2777	201222	1247466
2778	201292	1247378
2779	201362	1247288
2780	201427	1247172
2781	201500	1247102
2782	201572	1247027
2783	201639	1246920
2784	201713	1246858
2785	201784	1246776
2786	201850	1246663
2787	201921	1246582
2788	201990	1246488
2789	202057	1246382
2790	202127	1246298
2791	202195	1246197
2792	202266	1246114
2793	202332	1246004
2794	202401	1245910
2795	202476	1245851
2796	202549	1245787
2797	202618	1245692
2798	202692	1245630
2799	202763	1245549
2800	202834	1245467
2801	202905	1245383
2802	202973	1245284
2803	203041	1245188
2804	203112	1245105
2805	203180	1245006
2806	203251	1244924
2807	203317	1244814
2808	203390	1244744
2809	203463	1244672
2810	203531	1244573
2811	203600	1244484
2812	203669	1244390
2813	203738	1244296
2814	203805	1244192
2815	203877	1244118
2816	203949	1244041
2817	204022	1243974
2818	204091	1243879
2819	204160	1243786
2820	204231	1243703
2821	204298	1243603
2822	204367	1243509
2823	204437	1243422
2824	204505	1243319
2825	204573	1243222
2826	204642	1243126
2827	204709	1243024
2828	204781	1242949
2829	204846	1242833
2830	204918	1242759
2831	204986	1242657
2832	205057	1242574
2833	205124	1242474
2834	205195	1242389
2835	205264	1242297
2836	205333	1242205
2837	205405	1242134
2838	205477	1242056
2839	205546	1241964
2840	205609	1241837
2841	205677	1241735
2842	205746	1241641
2843	205813	1241541
2844	205882	1241443
2845	205954	1241371
2846	206027	1241305
2847	206098	1241220
2848	206165	1241120
2849	206235	1241032
2850	206307	1240956
2851	206381	1240895
2852	206453	1240820
2853	206523	1240732
2854	206593	1240649
2855	206676	1240635
2856	206750	1240572
2857	206820	1240487
2858	206891	1240409
2859	206956	1240290
2860	207030	1240230
2861	207104	1240164
2862	207172	1240070
2863	207244	1239995
2864	207315	1239914
2865	207385	1239826
2866	207462	1239782
2867	207532	1239698
2868	207608	1239641
2869	207679	1239561
2870	207756	1239521
2871	207828	1239447
2872	207904	1239397
2873	207977	1239324
2874	208045	1239229
2875	208112	1239122
2876	208190	1239082
2877	208273	1239073
2878	208353	1239050
2879	208433	1239024
2880	208518	1239021
2881	208601	1239012
2882	208683	1239000
2883	208749	1238890
2884	208817	1238789
2885	208890	1238722
2886	208958	1238620
2887	209028	1238539
2888	209096	1238438
2889	209169	1238368
2890	209237	1238271
2891	209311	1238207
2892	209394	1238197
2893	209481	1238212
2894	209560	1238180
2895	209641	1238161
2896	209716	1238099
2897	209785	1238008
2898	209857	1237936
2899	209928	1237854
2900	210002	1237788
2901	210078	1237737
2902	210152	1237676
2903	210221	1237583
2904	210291	1237500
2905	210361	1237413
2906	210429	1237311
2907	210503	1237252
2908	210573	1237167
2909	210649	1237113
2910	210718	1237022
2911	210784	1236910
2912	210856	1236835
2913	210924	1236737
2914	210993	1236644
2915	211067	1236581
2916	211135	1236484
2917	211208	1236416
2918	211282	1236356
2919	211358	1236300
2920	211460	1236403
2921	211549	1236428
2922	211634	1236429
2923	211719	1236427
2924	211793	1236367
2925	211876	1236356
2926	211953	1236313
2927	212077	1236540
2928	212162	1236539
2929	212234	1236467
2930	212302	1236366
2931	212372	1236282
2932	212440	1236182
2933	212512	1236108
2934	212580	1236006
2935	212642	1235876
2936	212710	1235777
2937	212782	1235702
2938	212849	1235597
2939	212913	1235478
2940	212983	1235392
2941	213047	1235270
2942	213112	1235157
2943	213182	1235065
2944	213248	1234959
2945	213313	1234845
2946	213384	1234764
2947	213457	1234696
2948	213529	1234616
2949	213601	1234545
2950	213671	1234460
2951	213741	1234369
2952	213812	1234288
2953	213880	1234191
2954	213956	1234141
2955	214024	1234043
2956	214098	1233978
2957	214170	1233904
2958	214242	1233833
2959	214315	1233759
2960	214381	1233655
2961	214448	1233549
2962	214516	1233452
2963	214588	1233378
2964	214661	1233307
2965	214729	1233212
2966	214796	1233105
2967	214863	1233006
2968	214934	1232923
2969	215007	1232853
2970	215075	1232759
2971	215147	1232679
2972	215222	1232626
2973	215292	1232540
2974	215368	1232484
2975	215437	1232393
2976	215505	1232299
2977	215573	1232200
2978	215641	1232102
2979	215710	1232010
2980	215780	1231925
2981	215848	1231825
2982	215914	1231719
2983	215980	1231607
2984	216051	1231528
2985	216121	1231444
2986	216193	1231366
2987	216264	1231289
2988	216336	1231211
2989	216411	1231155
2990	216488	1231113
2991	216563	1231053
2992	216637	1230991
2993	216703	1230882
2994	216770	1230779
2995	216839	1230684
2996	216910	1230605
2997	216978	1230510
2998	217047	1230417
2999	217133	1230423
3000	217206	1230351
3001	217279	1230284
3002	217349	1230200
3003	217423	1230136
3004	217501	1230096
3005	217572	1230016
3006	217657	1230013
3007	217732	1229957
3008	217803	1229874
3009	217875	1229801
3010	217950	1229746
3011	218024	1229682
3012	218105	1229659
3013	218195	1229684
3014	218277	1229664
3015	218354	1229618
3016	218434	1229592
3017	218507	1229522
3018	218587	1229492
3019	218660	1229419
3020	218734	1229357
3021	218813	1229321
3022	218889	1229272
3023	218957	1229175
3024	219032	1229117
3025	219098	1229007
3026	219167	1228916
3027	219236	1228824
3028	219303	1228720
3029	219370	1228621
3030	219440	1228532
3031	219509	1228439
3032	219582	1228371
3033	219652	1228285
3034	219722	1228204
3035	219790	1228106
3036	219862	1228032
3037	219928	1227924
3038	220000	1227847
3039	220068	1227750
3040	220143	1227691
3041	220211	1227593
3042	220279	1227500
3043	220357	1227457
3044	220430	1227390
3045	220498	1227292
3046	220565	1227188
3047	220636	1227109
3048	220702	1227002
3049	220773	1226919
3050	220843	1226833
3051	220909	1226726
3052	220978	1226639
3053	221049	1226557
3054	221121	1226483
3055	221199	1226441
3056	221275	1226390
3057	221349	1226325
3058	221424	1226268
3059	221491	1226166
3060	221563	1226091
3061	221636	1226019
3062	221706	1225936
3063	221773	1225833
3064	221849	1225780
3065	221920	1225700
3066	221989	1225610
3067	222057	1225511
3068	222124	1225411
3069	222186	1225283
3070	222259	1225215
3071	222326	1225111
3072	222391	1224998
3073	222459	1224901
3074	222534	1224843
3075	222609	1224784
3076	222682	1224717
3077	222755	1224650
3078	222826	1224566
3079	222895	1224476
3080	222971	1224425
3081	223044	1224357
3082	223121	1224309
3083	223192	1224227
3084	223263	1224147
3085	223337	1224086
3086	223411	1224023
3087	223482	1223943
3088	223552	1223859
3089	223624	1223784
3090	223696	1223708
3091	223764	1223615
3092	223840	1223561
3093	223917	1223512
3094	223987	1223428
3095	224057	1223343
3096	224133	1223287
3097	224207	1223224
3098	224273	1223117
3099	224344	1223039
